type,problem,answer,time
d,1,1,212
d,2,2,345
d,3,3,545
d,4,4,462
d,5,5,559
d,6,6,78
d,7,1,1753
d,8,2,1579
d,9,3,606
d,10,4,229
d,11,5,708
d,12,6,639
d,13,7,765
d,14,2,581
d,15,3,654
d,16,4,907
d,17,1,1095
d,18,2,1394
d,19,3,1793
d,20,4,3407
d,21,3,2045
d,22,4,1371
d,23,1,2397
d,24,2,1136
d,25,3,1055
d,26,4,1048
d,27,5,1875
d,28,4,1729
d,29,5,1745
d,30,2,1573
d,31,3,1786
d,32,4,1884
d,33,5,3403
d,34,2,1282
d,35,3,2414
d,36,4,2565
d,37,1,1857
d,38,2,1641
d,39,3,3366
d,40,2,1818
d,41,3,2711
d,42,4,3183
d,43,5,1817
d,44,2,1900
d,45,3,3429
d,46,2,2072
d,47,3,1589
d,48,4,1611
d,49,5,1682
d,50,6,1737
d,51,3,1778
d,52,1,1893
d,53,2,1871
d,54,2,1889
d,55,3,2321
d,56,4,2047
d,57,3,2038
d,58,4,2128
d,59,2,2217
d,60,2,2200
d,61,3,2218
d,62,4,2301
d,63,3,2340
d,64,4,2380
d,65,5,2418
d,66,3,2446
d,67,3,2517
d,68,4,2577
d,69,2,2599
d,70,3,2656
d,71,3,2723
d,72,4,2773
d,73,4,2839
d,74,2,2896
d,75,2,2864
d,76,3,3012
d,77,3,3031
d,78,4,3065
d,79,5,3111
d,80,4,3167
d,81,3,3228
d,82,3,3241
d,83,3,3294
d,84,4,4942
d,85,5,4628
d,86,3,3437
d,87,4,3501
d,88,4,3608
d,89,2,3599
d,90,3,3663
d,91,3,3663
d,92,3,3758
d,93,4,3792
d,94,4,3877
d,95,5,3904
d,96,3,3975
d,97,3,4018
d,98,3,4069
d,99,4,4116
d,100,4,4205
d,101,5,4209
d,102,6,4273
d,103,4,4409
d,104,2,4361
d,105,3,4473
d,106,3,4497
d,107,4,4526
d,108,4,5599
d,109,4,4657
d,110,5,4692
d,111,3,4872
d,112,3,4831
d,113,4,5393
d,114,4,4959
d,115,4,4957
d,116,5,5212
d,117,5,5279
d,118,4,14541
d,119,4,6102
d,120,4,6117
d,121,3,5264
d,122,4,12323
d,123,4,5489
d,124,5,6667
d,125,5,6340
d,126,3,5477
d,127,3,5561
d,128,4,6631
d,129,4,7483
d,130,5,6468
d,131,5,5714
d,132,5,7009
d,133,4,6311
d,134,4,7166
d,135,4,6689
d,136,5,7583
d,137,5,7334
d,138,4,7571
d,139,5,6756
d,140,5,7427
d,141,3,7015
d,142,4,7893
d,143,4,7105
d,144,4,7875
d,145,5,7586
d,146,5,7330
d,147,6,8164
d,148,4,7713
d,149,4,7682
d,150,4,7663
d,151,5,6813
d,152,5,7693
d,153,6,7854
d,154,6,7466
d,155,5,8267
d,156,3,7966
d,157,4,8322
d,158,4,8549
d,159,5,7620
d,160,5,10042
d,161,5,9352
d,162,6,10838
d,163,4,8259
d,164,4,7288
d,165,5,9599
d,166,5,10889
d,167,5,8872
d,168,6,8866
d,169,6,9527
d,170,5,9316
d,171,5,8949
d,172,5,7735
d,173,4,10458
d,174,5,10611
d,175,5,10056
d,176,6,9611
d,177,6,10994
d,178,4,11069
d,179,4,10698
d,180,5,11522
d,181,5,10985
d,182,6,10023
d,183,6,9387
d,184,6,11468
d,185,5,11872
d,186,5,8739
d,187,5,11384
d,188,6,10194
d,189,6,9618
d,190,5,10443
d,191,6,11297
d,192,6,9005
d,193,4,10247
d,194,5,10658
d,195,5,11679
d,196,5,10887
d,197,6,11740
d,198,6,12897
d,199,7,10328
d,200,5,11558
d,201,5,12168
d,202,5,13202
d,203,6,12157
d,204,6,11372
d,205,7,10489
d,206,7,12023
d,207,6,16323
d,208,4,15261
d,209,5,10977
d,210,5,13455
d,211,6,12776
d,212,6,13699
d,213,6,11369
d,214,7,10542
d,215,5,11977
d,216,5,12652
d,217,6,11158
d,218,6,12176
d,219,6,12202
d,220,7,11526
d,221,7,13950
d,222,6,10451
d,223,6,12486
d,224,6,14096
d,225,5,13796
d,226,6,12971
d,227,6,14048
d,228,7,13834
d,229,7,13524
d,230,5,14524
d,231,5,12967
d,232,6,13749
d,233,6,13775
d,234,7,12948
d,235,7,12043
d,236,7,12301
d,237,6,12717
d,238,6,14254
d,239,6,12779
d,240,7,13404
d,241,7,14476
d,242,6,11508
d,243,7,16397
d,244,7,14463
d,245,5,12557
d,246,6,14015
d,247,6,14172
d,248,6,15277
d,249,7,14946
d,250,7,14367
d,251,8,16000
d,252,9,17505
d,253,10,15211
d,254,11,13528
d,255,12,15517
d,256,13,15092
d,257,14,11956
d,258,15,15500
d,259,16,15297
d,260,17,15934
d,261,18,17669
d,262,6,16097
d,263,7,16158
d,264,15,14630
d,265,16,17118
d,266,17,17164
d,267,18,16108
d,268,9,16584
d,269,10,16505
d,270,11,16791
d,271,16,16894
d,272,17,17296
d,273,18,15463
d,274,15,14712
d,275,16,17221
d,276,17,17644
d,277,18,16758
d,278,17,17830
d,279,18,17953
d,280,15,16907
d,281,16,14022
d,282,17,16587
d,283,18,16465
d,284,19,17694
d,285,10,17591
d,286,11,14343
d,287,16,17532
d,288,9,18162
d,289,10,16577
d,290,11,17666
d,291,16,18019
d,292,17,17274
d,293,18,17222
d,294,15,19267
d,295,16,17534
d,296,17,14901
d,297,16,16160
d,298,17,14201
d,299,18,18169
d,300,19,18154
d,301,16,19536
d,302,17,18224
d,303,9,17739
d,304,10,19158
d,305,10,18867
d,306,11,18303
d,307,12,18335
d,308,17,19017
d,309,15,21828
d,310,16,18919
d,311,16,18007
d,312,17,20340
d,313,18,21548
d,314,17,26347
d,315,18,20665
d,316,16,19487
d,317,16,20501
d,318,17,22768
d,319,18,20668
d,320,10,22081
d,321,11,20191
d,322,11,19833
d,323,17,18222
d,324,17,19476
d,325,10,18358
d,326,16,18308
d,327,17,21150
d,328,17,18073
d,329,18,17133
d,330,18,21003
d,331,16,20747
d,332,16,19626
d,333,17,19136
d,334,17,19199
d,335,18,21677
d,336,19,20422
d,337,11,22187
d,338,17,20942
d,339,17,17035
d,340,10,25720
d,341,11,25166
d,342,11,24321
d,343,17,18642
d,344,18,21047
d,345,18,20384
d,346,16,21015
d,347,17,20178
d,348,17,22233
d,349,17,22457
d,350,18,22034
d,351,18,21926
d,352,19,18452
d,353,17,19806
d,354,17,21153
d,355,10,20724
d,356,11,22347
d,357,11,21204
d,358,12,24025
d,359,12,21381
d,360,18,23036
d,361,16,18675
d,362,17,24118
d,363,17,21592
d,364,18,21740
d,365,18,21869
d,366,18,21480
d,367,19,23828
d,368,17,23825
d,369,17,20289
d,370,18,20728
d,371,18,22142
d,372,11,23347
d,373,12,21021
d,374,12,22762
d,375,18,23961
d,376,18,24264
d,377,11,23460
d,378,17,20602
d,379,18,24788
d,380,18,24643
d,381,19,24584
d,382,19,22990
d,383,17,27144
d,384,17,27982
d,385,18,24777
d,386,18,21921
d,387,19,25157
d,388,19,26869
d,389,12,22819
d,390,18,19914
d,391,18,24212
d,392,11,24053
d,393,12,24201
d,394,12,23025
d,395,18,26742
d,396,19,23696
d,397,19,21605
d,398,17,23467
d,399,18,26843
d,400,18,25410
d,401,18,22646
d,402,19,22687
d,403,19,27391
d,404,20,23879
d,405,21,24639
d,406,22,25910
d,407,23,26657
d,408,24,24529
d,409,12,26701
d,410,13,27925
d,411,21,25911
d,412,22,29920
d,413,23,26609
d,414,24,27992
d,415,18,26815
d,416,19,26975
d,417,19,26453
d,418,22,27310
d,419,23,25678
d,420,24,25111
d,421,21,22450
d,422,22,27600
d,423,23,27225
d,424,24,23279
d,425,23,29435
d,426,24,25986
d,427,21,25777
d,428,22,25053
d,429,23,29108
d,430,24,25672
d,431,25,25397
d,432,24,26239
d,433,25,28122
d,434,22,28268
d,435,23,26515
d,436,24,26023
d,437,25,26461
d,438,22,23095
d,439,23,26987
d,440,24,26153
d,441,21,26893
d,442,22,25217
d,443,23,28643
d,444,22,25800
d,445,23,24999
d,446,24,23991
d,447,25,26976
d,448,22,25488
d,449,23,26845
d,450,22,29815
d,451,23,28702
d,452,24,26240
d,453,25,28090
d,454,26,27917
d,455,27,28048
d,456,21,24489
d,457,22,29875
d,458,22,28385
d,459,23,26438
d,460,24,29577
d,461,27,30655
d,462,28,24749
d,463,22,27313
d,464,22,29985
d,465,23,25554
d,466,24,27329
d,467,23,28049
d,468,28,30140
d,469,29,26442
d,470,23,29945
d,471,27,28750
d,472,28,26139
d,473,22,31433
d,474,23,29637
d,475,29,26365
d,476,30,27162
d,477,27,28937
d,478,28,30213
d,479,22,27196
d,480,23,30405
d,481,23,27930
d,482,24,28300
d,483,25,30350
d,484,28,30639
d,485,29,29584
d,486,23,31292
d,487,23,31827
d,488,28,30460
d,489,29,26738
d,490,23,30485
d,491,27,28912
d,492,28,31637
d,493,22,29026
d,494,28,35901
d,495,29,31129
d,496,23,28747
d,497,24,31607
d,498,28,31300
d,499,29,27517
d,500,28,31895
d,501,29,26814
d,502,23,28331
d,503,24,30857
d,504,24,29582
d,505,29,29059
d,506,27,30059
d,507,28,40662
d,508,28,31803
d,509,29,32779
d,510,23,32832
d,511,29,35671
d,512,30,33474
d,513,28,31093
d,514,28,29890
d,515,29,33608
d,516,23,27395
d,517,29,31603
d,518,30,33256
d,519,24,33116
d,520,29,32851
d,521,29,37897
d,522,30,34475
d,523,28,32641
d,524,29,33896
d,525,29,29239
d,526,30,31482
d,527,30,32838
d,528,28,29899
d,529,28,32080
d,530,29,34160
d,531,29,29797
d,532,30,31878
d,533,24,32546
d,534,30,30887
d,535,29,32876
d,536,29,35228
d,537,29,28103
d,538,30,31394
d,539,24,33431
d,540,29,30148
d,541,30,34177
d,542,30,35172
d,543,28,30893
d,544,29,34310
d,545,29,35784
d,546,29,31139
d,547,30,35407
d,548,30,29852
d,549,31,32837
d,550,29,34179
d,551,29,30992
d,552,29,34978
d,553,30,33500
d,554,30,31415
d,555,31,36464
d,556,25,32723
d,557,30,33808
d,558,28,34049
d,559,29,33696
d,560,29,30239
d,561,30,34907
d,562,30,34144
d,563,30,31508
d,564,31,35568
d,565,29,35668
d,566,29,34409
d,567,30,33588
d,568,30,34562
d,569,30,34026
d,570,31,35924
d,571,31,31159
d,572,30,34829
d,573,30,33577
d,574,30,34767
d,575,29,34972
d,576,30,34294
d,577,30,32666
d,578,31,36741
d,579,31,34787
d,580,29,32993
d,581,29,34927
d,582,30,33128
d,583,30,34783
d,584,31,37645
d,585,31,33619
d,586,31,37204
d,587,30,37236
d,588,30,36455
d,589,30,37279
d,590,31,33713
d,591,31,38236
d,592,30,39119
d,593,31,32349
d,594,31,35510
d,595,29,32637
d,596,30,36827
d,597,30,37446
d,598,30,33321
d,599,31,39156
d,600,31,36668
d,601,32,33718
d,602,33,37882
d,603,34,36939
d,604,35,33784
d,605,36,37072
d,606,37,47223
d,607,38,39673
d,608,39,37440
d,609,40,39161
d,610,41,44319
d,611,42,39592
d,612,30,37739
d,613,31,38515
d,614,39,36749
d,615,40,36515
d,616,41,35265
d,617,42,39047
d,618,33,40081
d,619,34,39276
d,620,35,37041
d,621,40,35802
d,622,41,36034
d,623,42,33929
d,624,39,39894
d,625,40,41279
d,626,41,40558
d,627,42,35899
d,628,41,35270
d,629,42,40741
d,630,39,41123
d,631,40,37472
d,632,41,36320
d,633,42,36194
d,634,43,38883
d,635,34,38672
d,636,35,38780
d,637,40,39396
d,638,33,38909
d,639,34,38700
d,640,35,37791
d,641,40,37488
d,642,41,41543
d,643,42,40655
d,644,39,41051
d,645,40,41219
d,646,41,40611
d,647,40,39534
d,648,41,36556
d,649,42,39492
d,650,43,35943
d,651,40,41490
d,652,41,38881
d,653,33,40692
d,654,34,43915
d,655,34,40648
d,656,35,40860
d,657,36,40517
d,658,41,39616
d,659,39,38677
d,660,40,36871
d,661,40,41810
d,662,41,39662
d,663,42,40906
d,664,41,40277
d,665,42,37517
d,666,40,44758
d,667,40,42333
d,668,41,41655
d,669,42,44100
d,670,34,42117
d,671,35,41009
d,672,35,41284
d,673,41,41648
d,674,41,40285
d,675,34,38832
d,676,40,45047
d,677,41,42550
d,678,41,41990
d,679,42,42864
d,680,42,38078
d,681,40,41885
d,682,40,40845
d,683,41,41174
d,684,41,41474
d,685,42,40935
d,686,43,42902
d,687,35,41158
d,688,41,41363
d,689,41,37969
d,690,34,40950
d,691,35,39496
d,692,35,42995
d,693,41,44171
d,694,42,40243
d,695,42,44792
d,696,40,41834
d,697,41,42008
d,698,41,47572
d,699,41,45416
d,700,42,46997
d,701,42,43348
d,702,43,39028
d,703,41,40636
d,704,41,48876
d,705,34,48141
d,706,35,46491
d,707,35,50941
d,708,36,47735
d,709,36,47505
d,710,42,47255
d,711,40,43641
d,712,41,44374
d,713,41,45024
d,714,42,43924
d,715,42,46510
d,716,42,47440
d,717,43,46982
d,718,41,41628
d,719,41,45904
d,720,42,42318
d,721,42,41889
d,722,35,41714
d,723,36,44513
d,724,36,43569
d,725,42,48743
d,726,42,40269
d,727,35,46410
d,728,41,43882
d,729,42,44648
d,730,42,45362
d,731,43,45324
d,732,43,47231
d,733,41,42344
d,734,41,47534
d,735,42,45261
d,736,42,50766
d,737,43,59882
d,738,43,45515
d,739,36,45717
d,740,42,47853
d,741,42,45457
d,742,35,46960
d,743,36,47278
d,744,36,44601
d,745,42,47137
d,746,43,49045
d,747,43,44183
d,748,41,49248
d,749,42,44058
d,750,42,47378
d,751,42,47111
d,752,43,43038
d,753,43,46668
d,754,44,49549
d,755,45,44584
d,756,46,49242
d,757,47,47825
d,758,48,46247
d,759,36,50692
d,760,37,48442
d,761,45,45752
d,762,46,48532
d,763,47,47613
d,764,48,47533
d,765,42,48203
d,766,43,47834
d,767,43,47838
d,768,46,48471
d,769,47,46416
d,770,48,48375
d,771,45,49183
d,772,46,50497
d,773,47,43660
d,774,48,47779
d,775,47,46334
d,776,48,51502
d,777,45,43784
d,778,46,50817
d,779,47,49675
d,780,48,47572
d,781,49,50564
d,782,48,54956
d,783,49,57408
d,784,46,49978
d,785,47,54224
d,786,48,47069
d,787,49,48997
d,788,46,44340
d,789,47,51202
d,790,48,50299
d,791,45,49296
d,792,46,47408
d,793,47,49926
d,794,46,48122
d,795,47,52310
d,796,48,47302
d,797,49,50873
d,798,46,47953
d,799,47,49891
d,800,46,49778
d,801,47,48597
d,802,48,52234
d,803,49,49561
d,804,50,63033
d,805,51,62393
d,806,45,57149
d,807,46,55489
d,808,46,55517
d,809,47,48180
d,810,48,51311
d,811,51,48789
d,812,52,51827
d,813,46,48821
d,814,46,49263
d,815,47,50839
d,816,48,50607
d,817,47,48593
d,818,52,50357
d,819,53,50151
d,820,47,50874
d,821,51,46898
d,822,52,49412
d,823,46,47974
d,824,47,52990
d,825,53,53457
d,826,54,51545
d,827,51,53040
d,828,52,53104
d,829,46,48336
d,830,47,49071
d,831,47,53704
d,832,48,47717
d,833,49,52857
d,834,52,52372
d,835,53,53266
d,836,47,51845
d,837,47,52253
d,838,52,50311
d,839,53,52349
d,840,47,53954
d,841,51,52687
d,842,52,55006
d,843,46,53940
d,844,52,54182
d,845,53,53933
d,846,47,53645
d,847,48,54174
d,848,52,49031
d,849,53,56801
d,850,52,49187
d,851,53,52586
d,852,47,54319
d,853,48,54006
d,854,48,51346
d,855,53,53423
d,856,51,55496
d,857,52,50610
d,858,52,56547
d,859,53,52306
d,860,47,53950
d,861,53,52718
d,862,54,56970
d,863,52,52874
d,864,52,55480
d,865,53,55775
d,866,47,49430
d,867,53,55916
d,868,54,52642
d,869,48,53516
d,870,53,53975
d,871,53,53360
d,872,54,55400
d,873,52,50910
d,874,53,54532
d,875,53,56911
d,876,54,59547
d,877,54,55738
d,878,52,52832
d,879,52,55296
d,880,53,51709
d,881,53,54663
d,882,54,58523
d,883,48,50476
d,884,54,60035
d,885,53,58072
d,886,53,56201
d,887,53,55471
d,888,54,53809
d,889,48,56106
d,890,53,55593
d,891,54,59024
d,892,54,57739
d,893,52,56754
d,894,53,59177
d,895,53,51213
d,896,53,57038
d,897,54,47721
d,898,54,43781
d,899,55,43367
d,900,53,43521
d,901,53,43397
d,902,53,44663
d,903,54,52278
d,904,54,57687
d,905,55,51421
d,906,49,58638
d,907,54,50275
d,908,52,52701
d,909,53,51396
d,910,53,50685
d,911,54,54352
d,912,54,55763
d,913,54,56521
d,914,55,63713
d,915,53,69593
d,916,53,66840
d,917,54,59816
d,918,54,58210
d,919,54,61288
d,920,55,59418
d,921,55,55168
d,922,54,59002
d,923,54,55502
d,924,54,58462
d,925,53,62185
d,926,54,56150
d,927,54,58846
d,928,55,60858
d,929,55,57299
d,930,53,55052
d,931,53,56947
d,932,54,60512
d,933,54,56665
d,934,55,56162
d,935,55,61686
d,936,55,56426
d,937,54,60011
d,938,54,54137
d,939,54,57075
d,940,55,61331
d,941,55,59766
d,942,54,58323
d,943,55,55747
d,944,55,60237
d,945,53,61642
d,946,54,59510
d,947,54,60856
d,948,54,60755
d,949,55,58868
d,950,55,62655
d,951,56,54618
d,952,57,57433
d,953,58,62903
d,954,59,58275
d,955,60,61224
d,956,61,65172
d,957,62,54941
d,958,63,58482
d,959,64,58510
d,960,65,61479
d,961,66,64375
d,962,54,63010
d,963,55,63869
d,964,63,66855
d,965,64,63123
d,966,65,61151
d,967,66,63744
d,968,57,64692
d,969,58,67241
d,970,59,61607
d,971,64,58034
d,972,65,58164
d,973,66,58645
d,974,63,59923
d,975,64,63672
d,976,65,63898
d,977,66,61878
d,978,65,61128
d,979,66,66704
d,980,63,65799
d,981,64,63295
d,982,65,62846
d,983,66,63018
d,984,67,60289
d,985,58,61037
d,986,59,55082
d,987,64,57617
d,988,57,48811
d,989,58,47936
d,990,59,48398
d,991,64,48112
d,992,65,48696
d,993,66,51634
d,994,63,48390
d,995,64,48279
d,996,65,48812
d,997,64,48829
d,998,65,48237
d,999,66,48496
d,1000,67,48418
d,1001,64,48872
d,1002,65,48577
d,1003,57,54694
d,1004,58,52573
d,1005,58,58154
d,1006,59,54025
d,1007,60,51822
d,1008,65,60512
d,1009,63,57556
d,1010,64,63089
d,1011,64,65365
d,1012,65,69106
d,1013,66,69567
d,1014,65,71047
d,1015,66,70099
d,1016,64,64195
d,1017,64,63918
d,1018,65,70476
d,1019,66,68774
d,1020,58,155375
d,1021,59,146058
d,1022,59,165886
d,1023,65,80786
d,1024,65,79259
d,1025,58,134439
d,1026,64,79383
d,1027,65,56688
d,1028,65,55190
d,1029,66,60884
d,1030,66,64496
d,1031,64,105242
d,1032,64,62840
d,1033,65,68011
d,1034,65,64924
d,1035,66,88942
d,1036,67,74654
d,1037,59,77280
d,1038,65,68177
d,1039,65,73771
d,1040,58,65794
d,1041,59,57054
d,1042,59,57099
d,1043,65,59372
d,1044,66,67035
d,1045,66,91378
d,1046,64,71801
d,1047,65,59617
d,1048,65,56577
d,1049,65,61607
d,1050,66,66993
d,1051,66,59308
d,1052,67,70534
d,1053,65,62161
d,1054,65,64718
d,1055,58,60990
d,1056,59,71736
d,1057,59,75665
d,1058,60,74519
d,1059,60,75690
d,1060,66,76506
d,1061,64,59456
d,1062,65,63421
d,1063,65,58361
d,1064,66,56263
d,1065,66,61339
d,1066,66,65465
d,1067,67,61530
d,1068,65,55037
d,1069,65,54659
d,1070,66,58099
d,1071,66,57547
d,1072,59,59355
d,1073,60,58748
d,1074,60,69566
d,1075,66,61587
d,1076,66,56798
d,1077,59,56815
d,1078,65,53571
d,1079,66,54485
d,1080,66,52816
d,1081,67,53384
d,1082,67,53120
d,1083,65,53689
d,1084,65,53266
d,1085,66,54102
d,1086,66,55193
d,1087,67,54022
d,1088,67,54297
d,1089,60,58403
d,1090,66,58891
d,1091,66,57027
d,1092,59,55460
d,1093,60,59511
d,1094,60,57397
d,1095,66,57523
d,1096,67,56020
d,1097,67,57326
d,1098,65,53320
d,1099,66,55825
d,1100,66,53956
d,1101,66,56952
d,1102,67,53686
d,1103,67,58412
d,1104,68,59712
d,1105,69,72687
d,1106,70,56595
d,1107,71,57901
d,1108,72,59214
d,1109,60,60069
d,1110,61,56924
d,1111,69,58395
d,1112,70,57161
d,1113,71,62435
d,1114,72,59437
d,1115,66,58546
d,1116,67,59896
d,1117,67,61740
d,1118,70,58946
d,1119,71,58815
d,1120,72,58368
d,1121,69,59659
d,1122,70,65429
d,1123,71,59213
d,1124,72,59863
d,1125,71,58795
d,1126,72,59270
d,1127,69,59585
d,1128,70,60358
d,1129,71,59997
d,1130,72,59443
d,1131,73,59074
d,1132,72,61425
d,1133,73,62590
d,1134,70,63181
d,1135,71,62290
d,1136,72,58922
d,1137,73,59568
d,1138,70,63249
d,1139,71,60430
d,1140,72,61917
d,1141,69,64354
d,1142,70,59503
d,1143,71,67424
d,1144,70,60621
d,1145,71,62750
d,1146,72,63057
d,1147,73,63540
d,1148,70,62693
d,1149,71,84288
d,1150,70,75678
d,1151,71,66907
d,1152,72,64033
d,1153,73,61935
d,1154,74,60508
d,1155,75,61630
d,1156,69,63139
d,1157,70,67591
d,1158,70,71345
d,1159,71,66997
d,1160,72,60476
d,1161,75,61169
d,1162,76,62203
d,1163,70,59902
d,1164,70,63183
d,1165,71,62902
d,1166,72,62900
d,1167,71,62026
d,1168,76,62713
d,1169,77,66098
d,1170,71,64370
d,1171,75,71953
d,1172,76,71478
d,1173,70,73179
d,1174,71,70967
d,1175,77,79164
d,1176,78,72026
d,1177,75,64691
d,1178,76,67206
d,1179,70,65516
d,1180,71,61481
d,1181,71,62150
d,1182,72,63408
d,1183,73,63129
d,1184,76,62376
d,1185,77,58211
d,1186,71,60868
d,1187,71,60018
d,1188,76,58483
d,1189,77,59171
d,1190,71,62250
d,1191,75,61690
d,1192,76,70272
d,1193,70,66894
d,1194,76,66279
d,1195,77,62432
d,1196,71,58846
d,1197,72,59541
d,1198,76,58827
d,1199,77,59459
d,1200,76,60098
d,1201,77,59596
d,1202,71,60434
d,1203,72,89523
d,1204,72,76873
d,1205,77,61212
d,1206,75,65166
d,1207,76,63408
d,1208,76,64076
d,1209,77,63298
d,1210,71,64527
d,1211,77,64582
d,1212,78,62071
d,1213,76,62185
d,1214,76,63367
d,1215,77,62270
d,1216,71,71452
d,1217,77,65648
d,1218,78,68634
d,1219,72,64050
d,1220,77,63148
d,1221,77,63052
d,1222,78,63638
d,1223,76,63486
d,1224,77,63218
d,1225,77,66527
d,1226,78,65044
d,1227,78,64862
d,1228,76,63601
d,1229,76,63450
d,1230,77,68966
d,1231,77,70435
d,1232,78,66773
d,1233,72,65673
d,1234,78,64246
d,1235,77,65999
d,1236,77,63732
d,1237,77,65060
d,1238,78,63761
d,1239,72,63387
d,1240,77,67750
d,1241,78,66736
d,1242,78,65003
d,1243,76,65079
d,1244,77,66774
d,1245,77,65639
d,1246,77,65256
d,1247,78,65031
d,1248,78,67373
d,1249,79,67021
d,1250,77,67124
d,1251,77,66268
d,1252,77,70539
d,1253,78,68677
d,1254,78,67036
d,1255,79,69177
d,1256,73,66378
d,1257,78,67241
d,1258,76,67310
d,1259,77,66874
d,1260,77,66227
d,1261,78,64132
d,1262,78,67287
d,1263,78,66000
d,1264,79,66551
d,1265,77,69600
d,1266,77,66115
d,1267,78,69033
d,1268,78,64706
d,1269,78,66166
d,1270,79,67364
d,1271,79,68229
d,1272,78,64730
d,1273,78,66065
d,1274,78,65355
d,1275,77,70731
d,1276,78,66391
d,1277,78,67965
d,1278,79,68871
d,1279,79,70202
d,1280,77,62721
d,1281,77,62682
d,1282,78,62592
d,1283,78,62574
d,1284,79,62724
d,1285,79,63410
d,1286,79,63055
d,1287,78,62981
d,1288,78,66239
d,1289,78,63253
d,1290,79,63734
d,1291,79,66409
d,1292,78,63723
d,1293,79,63698
d,1294,79,64158
d,1295,77,63751
d,1296,78,66819
d,1297,78,65807
d,1298,78,64165
d,1299,79,64051
d,1300,79,69442
d,1301,80,63789
d,1302,81,63886
d,1303,82,76003
d,1304,83,78033
d,1305,84,67112
d,1306,85,67702
d,1307,86,69977
d,1308,87,67790
d,1309,88,67561
d,1310,89,72470
d,1311,90,71693
d,1312,78,81401
d,1313,79,91538
d,1314,87,92679
d,1315,88,88100
d,1316,89,93446
d,1317,90,79510
d,1318,81,75484
d,1319,82,70741
d,1320,83,69487
d,1321,88,92619
d,1322,89,86021
d,1323,90,85612
d,1324,87,83552
d,1325,88,75140
d,1326,89,71876
d,1327,90,72758
d,1328,89,81280
d,1329,90,81722
d,1330,87,76067
d,1331,88,75886
d,1332,89,72252
d,1333,90,69868
d,1334,91,86880
d,1335,82,75620
d,1336,83,85521
d,1337,88,93590
d,1338,81,93347
d,1339,82,114084
d,1340,83,81440
d,1341,88,77016
d,1342,89,75744
d,1343,90,76642
d,1344,87,78367
d,1345,88,75727
d,1346,89,72122
d,1347,88,74747
d,1348,89,91510
d,1349,90,96304
d,1350,91,115276
d,1351,88,108464
d,1352,89,103628
d,1353,81,85704
d,1354,82,96076
d,1355,82,91111
d,1356,83,84325
d,1357,84,88318
d,1358,89,93858
d,1359,87,109909
d,1360,88,106485
d,1361,88,105720
d,1362,89,81595
d,1363,90,70184
d,1364,89,68161
d,1365,90,70178
d,1366,88,76151
d,1367,88,78357
d,1368,89,69794
d,1369,90,69109
d,1370,82,69710
d,1371,83,69251
d,1372,83,69778
d,1373,89,69372
d,1374,89,68021
d,1375,82,68339
d,1376,88,71928
d,1377,89,68694
d,1378,89,68127
d,1379,90,68510
d,1380,90,67423
d,1381,88,68419
d,1382,88,68917
d,1383,89,70134
d,1384,89,68810
d,1385,90,69567
d,1386,91,76391
d,1387,83,73273
d,1388,89,74009
d,1389,89,72456
d,1390,82,69595
d,1391,83,72654
d,1392,83,71274
d,1393,89,68387
d,1394,90,68824
d,1395,90,69076
d,1396,88,69522
d,1397,89,69387
d,1398,89,69326
d,1399,89,69195
d,1400,90,69002
d,1401,90,69452
d,1402,91,71013
d,1403,89,91293
d,1404,89,81468
d,1405,82,74926
d,1406,83,73819
d,1407,83,75048
d,1408,84,76253
d,1409,84,73241
d,1410,90,75063
d,1411,88,74157
d,1412,89,79346
d,1413,89,72936
d,1414,90,76411
d,1415,90,75781
d,1416,90,76087
d,1417,91,76369
d,1418,89,76302
d,1419,89,74126
d,1420,90,72692
d,1421,90,75317
d,1422,83,74049
d,1423,84,74398
d,1424,84,75573
d,1425,90,76623
d,1426,90,76339
d,1427,83,76039
d,1428,89,74613
d,1429,90,74969
d,1430,90,74841
d,1431,91,75694
d,1432,91,73341
d,1433,89,77173
d,1434,89,76933
d,1435,90,74798
d,1436,90,73886
d,1437,91,77039
d,1438,91,73540
d,1439,84,76365
d,1440,90,78319
d,1441,90,75733
d,1442,83,77486
d,1443,84,76940
d,1444,84,75402
d,1445,90,74849
d,1446,91,76670
d,1447,91,77369
d,1448,89,76813
d,1449,90,91590
d,1450,90,76621
d,1451,90,75777
d,1452,91,76113
d,1453,91,79793
d,1454,92,79493
d,1455,93,80111
d,1456,94,80793
d,1457,95,78921
d,1458,96,74830
d,1459,84,74805
d,1460,85,75543
d,1461,93,76806
d,1462,94,77257
d,1463,95,77850
d,1464,96,82332
d,1465,90,79479
d,1466,91,78060
d,1467,91,78588
d,1468,94,77032
d,1469,95,75271
d,1470,96,72095
d,1471,93,75009
d,1472,94,71880
d,1473,95,71904
d,1474,96,72219
d,1475,95,75977
d,1476,96,73375
d,1477,93,79327
d,1478,94,80102
d,1479,95,76817
d,1480,96,74860
d,1481,97,76600
d,1482,96,77335
d,1483,97,73698
d,1484,94,73942
d,1485,95,73348
d,1486,96,73636
d,1487,97,74512
d,1488,94,73081
d,1489,95,72755
d,1490,96,73345
d,1491,93,72896
d,1492,94,73145
d,1493,95,73767
d,1494,94,73628
d,1495,95,73686
d,1496,96,73659
d,1497,97,73252
d,1498,94,73735
d,1499,95,74031
d,1500,94,74267
d,1501,95,73937
d,1502,96,79270
d,1503,97,86832
d,1504,98,80459
d,1505,99,80217
d,1506,93,78771
d,1507,94,78104
d,1508,94,77000
d,1509,95,78211
d,1510,96,78361
d,1511,99,80107
d,1512,100,77266
d,1513,94,78425
d,1514,94,78792
d,1515,95,108396
d,1516,96,98793
d,1517,95,81263
d,1518,100,82371
d,1519,101,92406
d,1520,95,96825
d,1521,99,81896
d,1522,100,83361
d,1523,94,81481
d,1524,95,83696
d,1525,101,82341
d,1526,102,80616
d,1527,99,83100
d,1528,100,83739
d,1529,94,82372
d,1530,95,91499
d,1531,95,84870
d,1532,96,84570
d,1533,97,81108
d,1534,100,85589
d,1535,101,82798
d,1536,95,106458
d,1537,95,100041
d,1538,100,94808
d,1539,101,91251
d,1540,95,108724
d,1541,99,100878
d,1542,100,91101
d,1543,94,85163
d,1544,100,87582
d,1545,101,95723
d,1546,95,91379
d,1547,96,83710
d,1548,100,85510
d,1549,101,99897
d,1550,100,84047
d,1551,101,90141
d,1552,95,100952
d,1553,96,101308
d,1554,96,89522
d,1555,101,95387
d,1556,99,85657
d,1557,100,84204
d,1558,100,84533
d,1559,101,95721
d,1560,95,80773
d,1561,101,76719
d,1562,102,77174
d,1563,100,80841
d,1564,100,84665
d,1565,101,93555
d,1566,95,85929
d,1567,101,83288
d,1568,102,83630
d,1569,96,83524
d,1570,101,84185
d,1571,101,78952
d,1572,102,78915
d,1573,100,84045
d,1574,101,87279
d,1575,101,82503
d,1576,102,84930
d,1577,102,81614
d,1578,100,84729
d,1579,100,84852
d,1580,101,84874
d,1581,101,89198
d,1582,102,87468
d,1583,96,89617
d,1584,102,90019
d,1585,101,85889
d,1586,101,80774
d,1587,101,82282
d,1588,102,82116
d,1589,96,79245
d,1590,101,82151
d,1591,102,79922
d,1592,102,86779
d,1593,100,86586
d,1594,101,80996
d,1595,101,82426
d,1596,101,81678
d,1597,102,86552
d,1598,102,89552
d,1599,103,88163
d,1600,101,86551
d,1601,101,86972
d,1602,101,92023
d,1603,102,106889
d,1604,102,96449
d,1605,103,95246
d,1606,97,90084
d,1607,102,95631
d,1608,100,85002
d,1609,101,82805
d,1610,101,86681
d,1611,102,92866
d,1612,102,91520
d,1613,102,89229
d,1614,103,96787
d,1615,101,95189
d,1616,101,95509
d,1617,102,89978
d,1618,102,89386
d,1619,102,89944
d,1620,103,86615
d,1621,103,86175
d,1622,102,91135
d,1623,102,86494
d,1624,102,85423
d,1625,101,84866
d,1626,102,86897
d,1627,102,87924
d,1628,103,87431
d,1629,103,89114
d,1630,101,88789
d,1631,101,91054
d,1632,102,91430
d,1633,102,88074
d,1634,103,86822
d,1635,103,85920
d,1636,103,98898
d,1637,102,101983
d,1638,102,92753
d,1639,102,90504
d,1640,103,93265
d,1641,103,101752
d,1642,102,90529
d,1643,103,87659
d,1644,103,96032
d,1645,101,90909
d,1646,102,89832
d,1647,102,90759
d,1648,102,87009
d,1649,103,85352
d,1650,103,89536
d,1651,104,100004
d,1652,105,89588
d,1653,106,87493
d,1654,107,87335
d,1655,108,90258
d,1656,109,92166
d,1657,110,92674
d,1658,111,87163
d,1659,112,85896
d,1660,113,84970
d,1661,114,88129
d,1662,102,87794
d,1663,103,85344
d,1664,111,85105
d,1665,112,84780
d,1666,113,87564
d,1667,114,84515
d,1668,105,83902
d,1669,106,84138
d,1670,107,84166
d,1671,112,83947
d,1672,113,85718
d,1673,114,85309
d,1674,111,95385
d,1675,112,92604
d,1676,113,91334
d,1677,114,89936
d,1678,113,94717
d,1679,114,92595
d,1680,111,84859
d,1681,112,87222
d,1682,113,89049
d,1683,114,88663
d,1684,115,87677
d,1685,106,91960
d,1686,107,84298
d,1687,112,86904
d,1688,105,86076
d,1689,106,92853
d,1690,107,88216
d,1691,112,86069
d,1692,113,88676
d,1693,114,89511
d,1694,111,87078
d,1695,112,84576
d,1696,113,87949
d,1697,112,90659
d,1698,113,88847
d,1699,114,88059
d,1700,115,84838
d,1701,112,84543
d,1702,113,99378
d,1703,105,108631
d,1704,106,97600
d,1705,106,91314
d,1706,107,131803
d,1707,108,110248
d,1708,113,95233
d,1709,111,94405
d,1710,112,96752
d,1711,112,89919
d,1712,113,91564
d,1713,114,93014
d,1714,113,94355
d,1715,114,91691
d,1716,112,92327
d,1717,112,91454
d,1718,113,91951
d,1719,114,90007
d,1720,106,91328
d,1721,107,91847
d,1722,107,90990
d,1723,113,93696
d,1724,113,92090
d,1725,106,97054
d,1726,112,93253
d,1727,113,93794
d,1728,113,91006
d,1729,114,93007
d,1730,114,92810
d,1731,112,91043
d,1732,112,92788
d,1733,113,92800
d,1734,113,94481
d,1735,114,93978
d,1736,115,103228
d,1737,107,102013
d,1738,113,100052
d,1739,113,94216
d,1740,106,105408
d,1741,107,98214
d,1742,107,95959
d,1743,113,94366
d,1744,114,94055
d,1745,114,92231
d,1746,112,96432
d,1747,113,99122
d,1748,113,102954
d,1749,113,100476
d,1750,114,97679
d,1751,114,94774
d,1752,115,96402
d,1753,113,95882
d,1754,113,98287
d,1755,106,94624
d,1756,107,97006
d,1757,107,91667
d,1758,108,95086
d,1759,108,93036
d,1760,114,93491
d,1761,112,88748
d,1762,113,91493
d,1763,113,95368
d,1764,114,93277
d,1765,114,95813
d,1766,114,92344
d,1767,115,95036
d,1768,113,93312
d,1769,113,96199
d,1770,114,94654
d,1771,114,91021
d,1772,107,97364
d,1773,108,98973
d,1774,108,94714
d,1775,114,94623
d,1776,114,92153
d,1777,107,90549
d,1778,113,92859
d,1779,114,90918
d,1780,114,89802
d,1781,115,91802
d,1782,115,98616
d,1783,113,95441
d,1784,113,94441
d,1785,114,94461
d,1786,114,96425
d,1787,115,91856
d,1788,115,91943
d,1789,108,92986
d,1790,114,90372
d,1791,114,90708
d,1792,107,91987
d,1793,108,90788
d,1794,108,90174
d,1795,114,97571
d,1796,115,98305
d,1797,115,97738
d,1798,113,90634
d,1799,114,89285
d,1800,114,90575
d,1801,114,89805
d,1802,115,118928
d,1803,115,111651
d,1804,116,98099
d,1805,117,100630
d,1806,118,97579
d,1807,119,104557
d,1808,120,101177
d,1809,108,95205
d,1810,109,100252
d,1811,117,97651
d,1812,118,97957
d,1813,119,108700
d,1814,120,101452
d,1815,114,98299
d,1816,115,101558
d,1817,115,96871
d,1818,118,103008
d,1819,119,108774
d,1820,120,102499
d,1821,117,115835
d,1822,118,101317
d,1823,119,103908
d,1824,120,102377
d,1825,119,105437
d,1826,120,104756
d,1827,117,101476
d,1828,118,95902
d,1829,119,102764
d,1830,120,100382
d,1831,121,101613
d,1832,120,104495
d,1833,121,105755
d,1834,118,100315
d,1835,119,101707
d,1836,120,109113
d,1837,121,106626
d,1838,118,107614
d,1839,119,109574
d,1840,120,113721
d,1841,117,100302
d,1842,118,102588
d,1843,119,105923
d,1844,118,101573
d,1845,119,98051
d,1846,120,101587
d,1847,121,99993
d,1848,118,103315
d,1849,119,96751
d,1850,118,99136
d,1851,119,98550
d,1852,120,94967
d,1853,121,96399
d,1854,122,96448
d,1855,123,97937
d,1856,117,98043
d,1857,118,93349
d,1858,118,95356
d,1859,119,93971
d,1860,120,97121
d,1861,123,99530
d,1862,124,94200
d,1863,118,100174
d,1864,118,104638
d,1865,119,93557
d,1866,120,100304
d,1867,119,103633
d,1868,124,106949
d,1869,125,103169
d,1870,119,101398
d,1871,123,101462
d,1872,124,96350
d,1873,118,97038
d,1874,119,97572
d,1875,125,98184
d,1876,126,98286
d,1877,123,104137
d,1878,124,98380
d,1879,118,96222
d,1880,119,97025
d,1881,119,97550
d,1882,120,96365
d,1883,121,95561
d,1884,124,102042
d,1885,125,98874
d,1886,119,94673
d,1887,119,96947
d,1888,124,97272
d,1889,125,95360
d,1890,119,96997
d,1891,123,97977
d,1892,124,96084
d,1893,118,108830
d,1894,124,98963
d,1895,125,95101
d,1896,119,96752
d,1897,120,97462
d,1898,124,101021
d,1899,125,101397
d,1900,124,101418
d,1901,125,105117
d,1902,119,121805
d,1903,120,122608
d,1904,120,117715
d,1905,125,109022
d,1906,123,107528
d,1907,124,110568
d,1908,124,112509
d,1909,125,107169
d,1910,119,120634
d,1911,125,114561
d,1912,126,110955
d,1913,124,102778
d,1914,124,103846
d,1915,125,107854
d,1916,119,115495
d,1917,125,111507
d,1918,126,103058
d,1919,120,103847
d,1920,125,104066
d,1921,125,106334
d,1922,126,102437
d,1923,124,103514
d,1924,125,100483
d,1925,125,103875
d,1926,126,99854
d,1927,126,99828
d,1928,124,100161
d,1929,124,106320
d,1930,125,119614
d,1931,125,112484
d,1932,126,102825
d,1933,120,100490
d,1934,126,100882
d,1935,125,100061
d,1936,125,100812
d,1937,125,99191
d,1938,126,100525
d,1939,120,102208
d,1940,125,101767
d,1941,126,100678
d,1942,126,105241
d,1943,124,103733
d,1944,125,132832
d,1945,125,119963
d,1946,125,128326
d,1947,126,170718
d,1948,126,110505
d,1949,127,126246
d,1950,125,98920
d,1951,125,98624
d,1952,125,100079
d,1953,126,97318
d,1954,126,101739
d,1955,127,99487
d,1956,121,99883
d,1957,126,100253
d,1958,124,106435
d,1959,125,109932
d,1960,125,103547
d,1961,126,96795
d,1962,126,99082
d,1963,126,98309
d,1964,127,107087
d,1965,125,111998
d,1966,125,115844
d,1967,126,112269
d,1968,126,110358
d,1969,126,103177
d,1970,127,111149
d,1971,127,119531
d,1972,126,107486
d,1973,126,106458
d,1974,126,101811
d,1975,125,107293
d,1976,126,109161
d,1977,126,99281
d,1978,127,99068
d,1979,127,103460
d,1980,125,103212
d,1981,125,113174
d,1982,126,112847
d,1983,126,115075
d,1984,127,106160
d,1985,127,102072
d,1986,127,101488
d,1987,126,118764
d,1988,126,116031
d,1989,126,116861
d,1990,127,113131
d,1991,127,113022
d,1992,126,115395
d,1993,127,119720
d,1994,127,109853
d,1995,125,114580
d,1996,126,116436
d,1997,126,115086
d,1998,126,109562
d,1999,127,102434
d,2000,127,105889
m,1,1,252
m,2,2,412
m,3,3,384
m,4,4,652
m,5,5,2221
m,6,6,2255
m,7,1,1753
m,8,2,361
m,9,3,573
m,10,4,1482
m,11,5,784
m,12,6,780
m,13,7,672
m,14,2,1725
m,15,3,972
m,16,4,1483
m,17,1,995
m,18,2,1609
m,19,3,1748
m,20,4,1813
m,21,3,1586
m,22,4,1021
m,23,1,1146
m,24,2,1491
m,25,3,1226
m,26,4,1601
m,27,5,1996
m,28,4,2630
m,29,5,2040
m,30,2,3990
m,31,3,17209
m,32,4,2917
m,33,5,2025
m,34,2,3012
m,35,3,4657
m,36,4,2691
m,37,1,2064
m,38,2,5951
m,39,3,2810
m,40,2,3270
m,41,3,3797
m,42,4,2752
m,43,5,3245
m,44,2,4322
m,45,3,3793
m,46,2,2315
m,47,3,2376
m,48,4,2434
m,49,5,2498
m,50,6,2569
m,51,3,2687
m,52,1,2918
m,53,2,2853
m,54,2,3093
m,55,3,3371
m,56,4,3009
m,57,3,3089
m,58,4,3463
m,59,2,3335
m,60,2,3362
m,61,3,3448
m,62,4,3579
m,63,3,3576
m,64,4,3659
m,65,5,3743
m,66,3,3805
m,67,3,3872
m,68,4,4031
m,69,2,4080
m,70,3,4143
m,71,3,4306
m,72,4,4277
m,73,4,4347
m,74,2,4511
m,75,2,4530
m,76,3,4711
m,77,3,4695
m,78,4,4787
m,79,5,4880
m,80,4,4931
m,81,3,5221
m,82,3,5091
m,83,3,6347
m,84,4,7441
m,85,5,5972
m,86,3,5409
m,87,4,5516
m,88,4,5565
m,89,2,5664
m,90,3,5694
m,91,3,5834
m,92,3,5848
m,93,4,6025
m,94,4,5992
m,95,5,6128
m,96,3,6183
m,97,3,6336
m,98,3,6335
m,99,4,6443
m,100,4,6578
m,101,5,6646
m,102,6,6618
m,103,4,6783
m,104,2,6861
m,105,3,6977
m,106,3,7351
m,107,4,9078
m,108,4,7240
m,109,4,7314
m,110,5,7301
m,111,3,7391
m,112,3,9267
m,113,4,8299
m,114,4,7632
m,115,4,7746
m,116,5,8236
m,117,5,8500
m,118,4,12440
m,119,4,9706
m,120,4,10443
m,121,3,8209
m,122,4,11903
m,123,4,9401
m,124,5,10538
m,125,5,8808
m,126,3,8620
m,127,3,9106
m,128,4,11095
m,129,4,11357
m,130,5,9556
m,131,5,10669
m,132,5,11396
m,133,4,11811
m,134,4,9320
m,135,4,11966
m,136,5,10651
m,137,5,12929
m,138,4,11919
m,139,5,12257
m,140,5,9749
m,141,3,12377
m,142,4,12949
m,143,4,11928
m,144,4,12594
m,145,5,12605
m,146,5,11058
m,147,6,13893
m,148,4,13293
m,149,4,14550
m,150,4,11946
m,151,5,12741
m,152,5,12411
m,153,6,13386
m,154,6,11756
m,155,5,14635
m,156,3,11551
m,157,4,16443
m,158,4,14096
m,159,5,12199
m,160,5,14891
m,161,5,14726
m,162,6,12745
m,163,4,14290
m,164,4,14939
m,165,5,16494
m,166,5,15843
m,167,5,14894
m,168,6,12176
m,169,6,14242
m,170,5,17199
m,171,5,15552
m,172,5,16750
m,173,4,14541
m,174,5,14175
m,175,5,14778
m,176,6,18677
m,177,6,19762
m,178,4,13368
m,179,4,15724
m,180,5,16281
m,181,5,18739
m,182,6,14941
m,183,6,17379
m,184,6,21225
m,185,5,19078
m,186,5,17944
m,187,5,19291
m,188,6,16127
m,189,6,18194
m,190,5,18727
m,191,6,18744
m,192,6,15899
m,193,4,20922
m,194,5,19108
m,195,5,14491
m,196,5,20504
m,197,6,20693
m,198,6,15300
m,199,7,19843
m,200,5,20191
m,201,5,20407
m,202,5,21080
m,203,6,20586
m,204,6,20764
m,205,7,17331
m,206,7,20781
m,207,6,19719
m,208,4,23793
m,209,5,19890
m,210,5,22393
m,211,6,21953
m,212,6,23789
m,213,6,19484
m,214,7,18245
m,215,5,20721
m,216,5,18697
m,217,6,22216
m,218,6,20577
m,219,6,19599
m,220,7,21024
m,221,7,21980
m,222,6,19167
m,223,6,19382
m,224,6,20877
m,225,5,17037
m,226,6,19595
m,227,6,25358
m,228,7,19315
m,229,7,24659
m,230,5,20286
m,231,5,18307
m,232,6,22106
m,233,6,19762
m,234,7,22586
m,235,7,22450
m,236,7,24895
m,237,6,21547
m,238,6,22732
m,239,6,20972
m,240,7,24274
m,241,7,24537
m,242,6,25168
m,243,7,26173
m,244,7,23207
m,245,5,20358
m,246,6,24082
m,247,6,19442
m,248,6,26431
m,249,7,23876
m,250,7,24747
m,251,8,24895
r,1,1,254
r,2,2,349
r,3,3,343
r,4,4,568
r,5,5,658
r,6,6,163
r,7,1,1739
r,8,2,387
r,9,3,667
r,10,4,1200
r,11,5,635
r,12,6,2190
r,13,7,634
r,14,2,1231
r,15,3,1123
r,16,4,1580
r,17,1,2280
r,18,2,4039
r,19,3,5077
r,20,4,15389
r,21,3,4761
r,22,4,8500
r,23,1,6783
r,24,2,11112
r,25,3,9487
r,26,4,10553
r,27,5,13579
r,28,4,22297
r,29,5,36510
r,30,2,35993
r,31,3,47154
r,32,4,109588
r,33,5,87701
r,34,2,86108
r,35,3,200206
r,36,4,113871
r,37,1,126339
r,38,2,269090
r,39,3,230367
r,40,2,246676
r,41,3,617440
r,42,4,574454
r,43,5,566613
r,44,2,892255
r,45,3,861656
r,46,2,891662
r,47,3,1075863
r,48,4,1355910
r,49,5,1729628