type,problem,answer,time
d,1,1,280
r,1,1,240
m,1,1,370
d,2,2,340
r,2,2,320
m,2,2,330
d,3,3,410
r,3,3,360
m,3,3,370
d,4,4,580
r,4,4,290
m,4,4,270
d,5,5,430
r,5,5,420
m,5,5,570
d,6,6,770
r,6,6,570
m,6,6,590
d,7,1,1540
r,7,1,1480
m,7,1,1560
d,8,2,2180
r,8,2,2490
m,8,2,2760
d,9,3,3130
r,9,3,3340
m,9,3,3630
d,10,4,3950
r,10,4,8740
m,10,4,181470
d,11,5,23080
r,11,5,44220
m,11,5,21650
d,12,6,37790
r,12,6,21080
m,12,6,26000
d,13,7,18820
r,13,7,38560
m,13,7,40710
d,14,2,19520
r,14,2,45300
m,14,2,60990
d,15,3,21510
r,15,3,2510
m,15,3,62050
d,16,4,21170
r,16,4,1570
m,16,4,94430
d,17,1,750
r,17,1,1970
m,17,1,110340
d,18,2,990
r,18,2,1520
m,18,2,26860
d,19,3,540
r,19,3,2040
m,19,3,910
d,20,4,650
r,20,4,2460
m,20,4,1100
d,21,3,770
r,21,3,3120
m,21,3,890
d,22,4,760
r,22,4,3910
m,22,4,1410
d,23,1,1010
r,23,1,6380
m,23,1,1760
d,24,2,1060
r,24,2,7410
m,24,2,1130
d,25,3,830
r,25,3,9470
m,25,3,1400
d,26,4,970
r,26,4,13140
m,26,4,3550
d,27,5,2350
r,27,5,34260
m,27,5,2700
d,28,4,1790
r,28,4,29190
m,28,4,2010
d,29,5,1600
r,29,5,21440
m,29,5,1780
d,30,2,6530
r,30,2,42470
m,30,2,3100
d,31,3,2290
r,31,3,64920
m,31,3,2090
d,32,4,1490
r,32,4,55850
m,32,4,6200
d,33,5,2990
r,33,5,100150
m,33,5,2130
d,34,2,2300
r,34,2,96540
m,34,2,3230
d,35,3,2460
r,35,3,78360
m,35,3,2740
d,36,4,2150
r,36,4,131370
m,36,4,8650
d,37,1,2750
r,37,1,252130
m,37,1,5610
d,38,2,2830
r,38,2,209210
m,38,2,2420
d,39,3,1990
r,39,3,171280
m,39,3,2600
d,40,2,1450
r,40,2,226850
m,40,2,2050
d,41,3,1500
r,41,3,294280
m,41,3,5610
d,42,4,5770
r,42,4,714700
m,42,4,4730
d,43,5,2640
r,43,5,580780
m,43,5,6720
d,44,2,1910
r,44,2,647770
m,44,2,2950
d,45,3,1690
r,45,3,936200
m,45,3,6720
d,46,2,4210
r,46,2,1075940
m,46,2,2790
d,47,3,2120
r,47,3,1183100
m,47,3,3020
d,48,4,1630
r,48,4,2284830
m,48,4,4340
d,49,5,3350
r,49,5,2508770
m,49,5,3590
d,50,6,1840
m,50,6,2990
d,51,3,1940
m,51,3,3400
d,52,1,2130
m,52,1,3470
d,53,2,2720
m,53,2,5120
d,54,2,2840
m,54,2,4820
d,55,3,2430
m,55,3,4940
d,56,4,2680
m,56,4,4310
d,57,3,2660
m,57,3,4300
d,58,4,2320
m,58,4,5480
d,59,2,2920
m,59,2,4780
d,60,2,2930
m,60,2,4690
d,61,3,2500
m,61,3,4040
d,62,4,2850
m,62,4,4860
d,63,3,3180
m,63,3,7530
d,64,4,2690
m,64,4,4800
d,65,5,3070
m,65,5,5480
d,66,3,3040
m,66,3,6510
d,67,3,3440
m,67,3,6620
d,68,4,2810
m,68,4,4860
d,69,2,3260
m,69,2,4970
d,70,3,3300
m,70,3,4690
d,71,3,4560
m,71,3,10730
d,72,4,4700
m,72,4,7240
d,73,4,4260
m,73,4,6580
d,74,2,3950
m,74,2,7460
d,75,2,4360
m,75,2,6330
d,76,3,3560
m,76,3,7530
d,77,3,5210
m,77,3,6220
d,78,4,3540
m,78,4,6250
d,79,5,3580
m,79,5,6250
d,80,4,3810
m,80,4,6910
d,81,3,3860
m,81,3,6800
d,82,3,3310
m,82,3,7250
d,83,3,5030
m,83,3,7160
d,84,4,6440
m,84,4,7300
d,85,5,3960
m,85,5,6580
d,86,3,4650
m,86,3,6150
d,87,4,3990
m,87,4,8710
d,88,4,4250
m,88,4,8290
d,89,2,5460
m,89,2,6900
d,90,3,3940
m,90,3,7400
d,91,3,4090
m,91,3,7540
d,92,3,4430
m,92,3,7790
d,93,4,4550
m,93,4,6570
d,94,4,6960
m,94,4,14740
d,95,5,5890
m,95,5,9270
d,96,3,4680
m,96,3,8950
d,97,3,4150
m,97,3,7030
d,98,3,4420
m,98,3,9220
d,99,4,6210
m,99,4,8420
d,100,4,7030
m,100,4,9030
d,101,5,4250
m,101,5,16540
d,102,6,6180
m,102,6,6630
d,103,4,3780
m,103,4,6300
d,104,2,3900
m,104,2,6400
d,105,3,3890
m,105,3,6450
d,106,3,3980
m,106,3,6530
d,107,4,3960
m,107,4,6600
d,108,4,4030
m,108,4,6640
d,109,4,4070
m,109,4,6720
d,110,5,4140
m,110,5,6790
d,111,3,5230
m,111,3,14680
d,112,3,10760
m,112,3,12810
d,113,4,6550
m,113,4,11740
d,114,4,6050
m,114,4,12470
d,115,4,5950
m,115,4,12730
d,116,5,6430
m,116,5,9750
d,117,5,6720
m,117,5,8470
d,118,4,5320
m,118,4,8800
d,119,4,6790
m,119,4,10060
d,120,4,11170
m,120,4,13400
d,121,3,6890
m,121,3,8860
d,122,4,6480
m,122,4,12080
d,123,4,5900
m,123,4,15940
d,124,5,5430
m,124,5,11810
d,125,5,5010
m,125,5,9880
d,126,3,5900
m,126,3,9880
d,127,3,7240
m,127,3,12280
d,128,4,6530
m,128,4,12350
d,129,4,6460
m,129,4,9210
d,130,5,4990
m,130,5,8350
d,131,5,4990
m,131,5,15220
d,132,5,9260
m,132,5,13900
d,133,4,8570
m,133,4,15710
d,134,4,8440
m,134,4,12750
d,135,4,22810
m,135,4,10410
d,136,5,5150
m,136,5,10570
d,137,5,5570
m,137,5,11970
d,138,4,7770
m,138,4,12040
d,139,5,6090
m,139,5,10640
d,140,5,5520
m,140,5,12200
d,141,3,4960
m,141,3,9280
d,142,4,7030
m,142,4,13290
d,143,4,5820
m,143,4,10820
d,144,4,6010
m,144,4,9590
d,145,5,5070
m,145,5,9010
d,146,5,5150
m,146,5,9140
d,147,6,5750
m,147,6,9130
d,148,4,5230
m,148,4,9230
d,149,4,5270
m,149,4,9230
d,150,4,5330
m,150,4,9380
d,151,5,5300
m,151,5,9490
d,152,5,5430
m,152,5,14820
d,153,6,10110
m,153,6,14840
d,154,6,7460
m,154,6,14750
d,155,5,7390
m,155,5,15460
d,156,3,7420
m,156,3,13960
d,157,4,8460
m,157,4,13410
d,158,4,6700
m,158,4,13080
d,159,5,5950
m,159,5,9990
d,160,5,8830
m,160,5,13860
d,161,5,8590
m,161,5,15190
d,162,6,8870
m,162,6,16700
d,163,4,7920
m,163,4,16200
d,164,4,10720
m,164,4,20730
d,165,5,14030
m,165,5,18670
d,166,5,8480
m,166,5,13210
d,167,5,9850
m,167,5,15530
d,168,6,8850
m,168,6,17120
d,169,6,9490
m,169,6,17170
d,170,5,7090
m,170,5,12610
d,171,5,7600
m,171,5,12750
d,172,5,6130
m,172,5,10910
d,173,4,6240
m,173,4,11870
d,174,5,7050
m,174,5,12200
d,175,5,7740
m,175,5,19020
d,176,6,9850
m,176,6,18950
d,177,6,7990
m,177,6,17080
d,178,4,11010
m,178,4,17350
d,179,4,9360
m,179,4,18820
d,180,5,10760
m,180,5,17580
d,181,5,9630
m,181,5,15650
d,182,6,10750
m,182,6,14020
d,183,6,7050
m,183,6,18650
d,184,6,7900
m,184,6,13900
d,185,5,9860
m,185,5,14480
d,186,5,8000
m,186,5,18620
d,187,5,10070
m,187,5,17510
d,188,6,11950
m,188,6,17590
d,189,6,8410
m,189,6,16440
d,190,5,11710
m,190,5,25120
d,191,6,9600
m,191,6,21090
d,192,6,9590
m,192,6,19480
d,193,4,9340
m,193,4,16230
d,194,5,8730
m,194,5,22910
d,195,5,8710
m,195,5,21090
d,196,5,9310
m,196,5,15190
d,197,6,10840
m,197,6,25020
d,198,6,12990
m,198,6,17730
d,199,7,8650
m,199,7,20120
d,200,5,13120
m,200,5,19400
d,201,5,7650
m,201,5,22670
d,202,5,11410
m,202,5,22940
d,203,6,37450
m,203,6,17560
d,204,6,12190
m,204,6,27990
d,205,7,10420
m,205,7,23770
d,206,7,15230
m,206,7,49490
d,207,6,7910
m,207,6,21950
d,208,4,10900
m,208,4,19120
d,209,5,8890
m,209,5,19140
d,210,5,16790
m,210,5,45690
d,211,6,13310
m,211,6,27400
d,212,6,14970
m,212,6,14300
d,213,6,12320
m,213,6,16500
d,214,7,11230
m,214,7,16420
d,215,5,25680
m,215,5,23410
d,216,5,10710
m,216,5,17070
d,217,6,9710
m,217,6,18200
d,218,6,7980
m,218,6,21820
d,219,6,13910
m,219,6,40910
d,220,7,18510
m,220,7,32590
d,221,7,19990
m,221,7,31650
d,222,6,30300
m,222,6,37460
d,223,6,23450
m,223,6,58030
d,224,6,20330
m,224,6,35280
d,225,5,26100
m,225,5,55940
d,226,6,20690
m,226,6,36730
d,227,6,24430
m,227,6,35280
d,228,7,24130
m,228,7,34990
d,229,7,19820
m,229,7,44640
d,230,5,15150
m,230,5,32200
d,231,5,30940
m,231,5,32470
d,232,6,22290
m,232,6,47620
d,233,6,26770
m,233,6,37930
d,234,7,28720
m,234,7,33190
d,235,7,29710
m,235,7,39110
d,236,7,24890
m,236,7,37320
d,237,6,27590
m,237,6,39690
d,238,6,27790
m,238,6,38410
d,239,6,29310
m,239,6,41660
d,240,7,27310
m,240,7,33740
d,241,7,24920
m,241,7,39670
d,242,6,24700
m,242,6,30710
d,243,7,27580
m,243,7,42470
d,244,7,27260
m,244,7,31710
d,245,5,27500
m,245,5,46200
d,246,6,26040
m,246,6,40800
d,247,6,16190
m,247,6,25760
d,248,6,15910
m,248,6,31210
d,249,7,16240
m,249,7,48370
d,250,7,35820
m,250,7,45090
d,251,8,33650
m,251,8,55220
d,252,9,23880
d,253,10,26060
d,254,11,44640
d,255,12,25970
d,256,13,41360
d,257,14,24710
d,258,15,29320
d,259,16,28960
d,260,17,23260
d,261,18,31630
d,262,6,32780
d,263,7,34290
d,264,15,22710
d,265,16,22400
d,266,17,23630
d,267,18,28390
d,268,9,21170
d,269,10,33440
d,270,11,21980
d,271,16,25820
d,272,17,28930
d,273,18,23450
d,274,15,32290
d,275,16,44030
d,276,17,31620
d,277,18,31120
d,278,17,25600
d,279,18,31970
d,280,15,26250
d,281,16,35510
d,282,17,23680
d,283,18,15770
d,284,19,17530
d,285,10,15580
d,286,11,15710
d,287,16,16120
d,288,9,28060
d,289,10,33600
d,290,11,31800
d,291,16,31600
d,292,17,20590
d,293,18,16250
d,294,15,40710
d,295,16,33810
d,296,17,42430
d,297,16,26750
d,298,17,35150
d,299,18,20880
d,300,19,37830
d,301,16,33980
d,302,17,31390
d,303,9,32450
d,304,10,20810
d,305,10,35600
d,306,11,34830
d,307,12,41150
d,308,17,12440
d,309,15,11490
d,310,16,11600
d,311,16,11680
d,312,17,11740
d,313,18,11790
d,314,17,12290
d,315,18,12050
d,316,16,15440
d,317,16,15710
d,318,17,16790
d,319,18,15720
d,320,10,14720
d,321,11,15150
d,322,11,15190
d,323,17,15730
d,324,17,16040
d,325,10,16430
d,326,16,16990
d,327,17,18810
d,328,17,16560
d,329,18,14340
d,330,18,12430
d,331,16,20020
d,332,16,14370
d,333,17,15140
d,334,17,15090
d,335,18,15160
d,336,19,17240
d,337,11,17360
d,338,17,21890
d,339,17,24350
d,340,10,25660
d,341,11,24930
d,342,11,22940
d,343,17,22930
d,344,18,60340
d,345,18,23440
d,346,16,22900
d,347,17,22820
d,348,17,14220
d,349,17,14230
d,350,18,13540
d,351,18,13290
d,352,19,17410
d,353,17,21680
d,354,17,29570
d,355,10,30650
d,356,11,18720
d,357,11,25610
d,358,12,19010
d,359,12,17970
d,360,18,24020
d,361,16,17090
d,362,17,16380
d,363,17,14780
d,364,18,18350
d,365,18,16720
d,366,18,20510
d,367,19,18240
d,368,17,25750
d,369,17,19280
d,370,18,19510
d,371,18,19290
d,372,11,18610
d,373,12,16860
d,374,12,16410
d,375,18,24070
d,376,18,24290
d,377,11,20540
d,378,17,21390
d,379,18,18470
d,380,18,16900
d,381,19,15740
d,382,19,14830
d,383,17,16910
d,384,17,18210
d,385,18,20520
d,386,18,17560
d,387,19,15720
d,388,19,19600
d,389,12,19850
d,390,18,20850
d,391,18,18620
d,392,11,22260
d,393,12,20340
d,394,12,16570
d,395,18,19890
d,396,19,35880
d,397,19,21180
d,398,17,24050
d,399,18,51550
d,400,18,23510
d,401,18,27360
d,402,19,25210
d,403,19,21990
d,404,20,22180
d,405,21,22390
d,406,22,32080
d,407,23,28000
d,408,24,25250
d,409,12,25600
d,410,13,23780
d,411,21,22430
d,412,22,23910
d,413,23,20840
d,414,24,19880
d,415,18,19840
d,416,19,31930
d,417,19,32220
d,418,22,25380
d,419,23,22820
d,420,24,19540
d,421,21,34120
d,422,22,29320
d,423,23,24800
d,424,24,33150
d,425,23,22940
d,426,24,31150
d,427,21,36580
d,428,22,25550
d,429,23,26630
d,430,24,29440
d,431,25,24030
d,432,24,31150
d,433,25,24240
d,434,22,27710
d,435,23,37350
d,436,24,24050
d,437,25,26280
d,438,22,23690
d,439,23,32040
d,440,24,29810
d,441,21,25300
d,442,22,57320
d,443,23,36990
d,444,22,26430
d,445,23,26340
d,446,24,41250
d,447,25,35850
d,448,22,26030
d,449,23,28140
d,450,22,29080
d,451,23,42740
d,452,24,38130
d,453,25,27750
d,454,26,32940
d,455,27,30550
d,456,21,53550
d,457,22,28470
d,458,22,31050
d,459,23,27290
d,460,24,62440
d,461,27,49090
d,462,28,22540
d,463,22,21230
d,464,22,61580
d,465,23,21030
d,466,24,27460
d,467,23,24000
d,468,28,23470
d,469,29,40000
d,470,23,20760
d,471,27,24630
d,472,28,23820
d,473,22,28540
d,474,23,24340
d,475,29,55100
d,476,30,37590
d,477,27,29770
d,478,28,22500
d,479,22,42540
d,480,23,27200
d,481,23,29440
d,482,24,27530
d,483,25,26000
d,484,28,75680
d,485,29,34030
d,486,23,35410
d,487,23,34350
d,488,28,35980
d,489,29,36040
d,490,23,34980
d,491,27,26650
d,492,28,21600
d,493,22,21830
d,494,28,32720
d,495,29,28850
d,496,23,35810
d,497,24,38160
d,498,28,45860
d,499,29,19310
d,500,28,29010
d,501,29,37460
d,502,23,40500
d,503,24,44280
d,504,24,38480
d,505,29,57920
d,506,27,38850
d,507,28,46830
d,508,28,30260
d,509,29,26630
d,510,23,24490
d,511,29,24690
d,512,30,44210
d,513,28,47280
d,514,28,36390
d,515,29,25720
d,516,23,37170
d,517,29,41570
d,518,30,51990
d,519,24,30170
d,520,29,24920
d,521,29,27250
d,522,30,33660
d,523,28,44390
d,524,29,51440
d,525,29,38440
d,526,30,36600
d,527,30,26540
d,528,28,25970
d,529,28,46960
d,530,29,38800
d,531,29,43380
d,532,30,31090
d,533,24,49590
d,534,30,20380
d,535,29,22390
d,536,29,20470
d,537,29,20480
d,538,30,78730
d,539,24,44300
d,540,29,29370
d,541,30,35910
d,542,30,74600
d,543,28,36570
d,544,29,31870
d,545,29,60350
d,546,29,49960
d,547,30,45960
d,548,30,71970
d,549,31,42970
d,550,29,29910
d,551,29,55270
d,552,29,47690
d,553,30,39840
d,554,30,59160
d,555,31,43940
d,556,25,33470
d,557,30,29580
d,558,28,27220
d,559,29,41290
d,560,29,32100
d,561,30,27800
d,562,30,36660
d,563,30,29440
d,564,31,38350
d,565,29,31660
d,566,29,37070
d,567,30,39680
d,568,30,41920
d,569,30,27460
d,570,31,27650
d,571,31,32290
d,572,30,43040
d,573,30,64880
d,574,30,34160
d,575,29,141970
d,576,30,89060
d,577,30,122940
d,578,31,69320
d,579,31,90340
d,580,29,121720
d,581,29,123760
d,582,30,108880
d,583,30,105300
d,584,31,140620
d,585,31,119570
d,586,31,81130
d,587,30,71040
d,588,30,90200
d,589,30,60910
d,590,31,52270
d,591,31,40390
d,592,30,70070
d,593,31,57060
d,594,31,55390
d,595,29,77580
d,596,30,66650
d,597,30,84410
d,598,30,78140
d,599,31,81000
d,600,31,120150
d,601,32,135350
d,602,33,80390
d,603,34,139580
d,604,35,113010
d,605,36,88530
d,606,37,101080
d,607,38,104340
d,608,39,72390
d,609,40,87970
d,610,41,69000
d,611,42,82610
d,612,30,111450
d,613,31,78100
d,614,39,71100
d,615,40,71040
d,616,41,64250
d,617,42,64170
d,618,33,58190
d,619,34,73060
d,620,35,87030
d,621,40,52070
d,622,41,51050
d,623,42,63920
d,624,39,41510
d,625,40,70720
d,626,41,82800
d,627,42,69790
d,628,41,72380
d,629,42,76800
d,630,39,81470
d,631,40,51050
d,632,41,41260
d,633,42,59760
d,634,43,30990
d,635,34,33930
d,636,35,34430
d,637,40,72660
d,638,33,36620
d,639,34,31550
d,640,35,60100
d,641,40,53450
d,642,41,43570
d,643,42,62850
d,644,39,41780
d,645,40,46390
d,646,41,67080
d,647,40,35460
d,648,41,46900
d,649,42,61830
d,650,43,35220
d,651,40,34050
d,652,41,38130
d,653,33,67250
d,654,34,37430
d,655,34,36400
d,656,35,63160
d,657,36,38180
d,658,41,42390
d,659,39,68360
d,660,40,44410
d,661,40,37350
d,662,41,40450
d,663,42,31710
d,664,41,37690
d,665,42,38620
d,666,40,50900
d,667,40,32990
d,668,41,41900
d,669,42,31570
d,670,34,45810
d,671,35,36520
d,672,35,37770
d,673,41,32720
d,674,41,38640
d,675,34,34890
d,676,40,35740
d,677,41,35790
d,678,41,38670
d,679,42,31820
d,680,42,32500
d,681,40,35460
d,682,40,34380
d,683,41,46600
d,684,41,39100
d,685,42,36840
d,686,43,31820
d,687,35,38750
d,688,41,39700
d,689,41,38070
d,690,34,36910
d,691,35,36610
d,692,35,39860
d,693,41,39560
d,694,42,34030
d,695,42,32400
d,696,40,41580
d,697,41,62170
d,698,41,46390
d,699,41,30250
d,700,42,36200
d,701,42,43040
d,702,43,47060
d,703,41,30040
d,704,41,35370
d,705,34,50920
d,706,35,48190
d,707,35,48190
d,708,36,32740
d,709,36,46590
d,710,42,35490
d,711,40,32780
d,712,41,27450
d,713,41,63790
d,714,42,43050
d,715,42,44590
d,716,42,31640
d,717,43,70830
d,718,41,47320
d,719,41,44700
d,720,42,62950
d,721,42,52770
d,722,35,32690
d,723,36,60870
d,724,36,46530
d,725,42,42880
d,726,42,51040
d,727,35,38090
d,728,41,39350
d,729,42,39010
d,730,42,54320
d,731,43,38680
d,732,43,36430
d,733,41,39410
d,734,41,52290
d,735,42,35920
d,736,42,35890
d,737,43,37960
d,738,43,55550
d,739,36,76800
d,740,42,36110
d,741,42,40110
d,742,35,36070
d,743,36,53030
d,744,36,42580
d,745,42,37160
d,746,43,38440
d,747,43,42180
d,748,41,39340
d,749,42,37340
d,750,42,41220
d,751,42,46470
d,752,43,45860
d,753,43,50640
d,754,44,50220
d,755,45,37720
d,756,46,36550
d,757,47,47360
d,758,48,68520
d,759,36,43460
d,760,37,41850
d,761,45,42610
d,762,46,35310
d,763,47,66150
d,764,48,73240
d,765,42,42990
d,766,43,34970
d,767,43,34310
d,768,46,36490
d,769,47,39300
d,770,48,34160
d,771,45,39000
d,772,46,35510
d,773,47,51950
d,774,48,36840
d,775,47,72280
d,776,48,64590
d,777,45,36670
d,778,46,40960
d,779,47,50740
d,780,48,48150
d,781,49,42690
d,782,48,35030
d,783,49,57830
d,784,46,45180
d,785,47,82350
d,786,48,53790
d,787,49,39200
d,788,46,49410
d,789,47,79200
d,790,48,51210
d,791,45,73120
d,792,46,45510
d,793,47,40490
d,794,46,80660
d,795,47,43210
d,796,48,38170
d,797,49,66540
d,798,46,50990
d,799,47,79840
d,800,46,55140
d,801,47,45890
d,802,48,106180
d,803,49,45710
d,804,50,64390
d,805,51,47110
d,806,45,49920
d,807,46,45250
d,808,46,94610
d,809,47,53640
d,810,48,43920
d,811,51,50770
d,812,52,88280
d,813,46,48090
d,814,46,73400
d,815,47,54410
d,816,48,86000
d,817,47,47810
d,818,52,46770
d,819,53,80220
d,820,47,52410
d,821,51,73590
d,822,52,65800
d,823,46,79320
d,824,47,63390
d,825,53,51670
d,826,54,89910
d,827,51,44250
d,828,52,67740
d,829,46,35290
d,830,47,49840
d,831,47,68620
d,832,48,38590
d,833,49,44000
d,834,52,73230
d,835,53,49610
d,836,47,52370
d,837,47,57340
d,838,52,48200
d,839,53,49790
d,840,47,53730
d,841,51,42880
d,842,52,38460
d,843,46,56640
d,844,52,54680
d,845,53,41800
d,846,47,38130
d,847,48,60430
d,848,52,58500
d,849,53,44090
d,850,52,84760
d,851,53,50710
d,852,47,55700
d,853,48,97040
d,854,48,85670
d,855,53,59360
d,856,51,41480
d,857,52,43600
d,858,52,42920
d,859,53,43060
d,860,47,38500
d,861,53,43140
d,862,54,43450
d,863,52,33040
d,864,52,35110
d,865,53,42060
d,866,47,59560
d,867,53,55510
d,868,54,41260
d,869,48,56040
d,870,53,58040
d,871,53,41030
d,872,54,47340
d,873,52,38750
d,874,53,47670
d,875,53,44540
d,876,54,38480
d,877,54,53600
d,878,52,45940
d,879,52,38240
d,880,53,34020
d,881,53,33880
d,882,54,44850
d,883,48,43090
d,884,54,46540
d,885,53,41480
d,886,53,47410
d,887,53,45280
d,888,54,41930
d,889,48,39650
d,890,53,49920
d,891,54,46230
d,892,54,41110
d,893,52,45500
d,894,53,44060
d,895,53,50170
d,896,53,44490
d,897,54,36310
d,898,54,35130
d,899,55,39790
d,900,53,48550
d,901,53,42350
d,902,53,44810
d,903,54,38170
d,904,54,41830
d,905,55,37420
d,906,49,34910
d,907,54,34840
d,908,52,40940
d,909,53,43840
d,910,53,47930
d,911,54,42710
d,912,54,57230
d,913,54,58110
d,914,55,62540
d,915,53,42690
d,916,53,53550
d,917,54,46760
d,918,54,41230
d,919,54,90930
d,920,55,48970
d,921,55,43150
d,922,54,50460
d,923,54,51640
d,924,54,84270
d,925,53,60550
d,926,54,52710
d,927,54,61280
d,928,55,76710
d,929,55,79950
d,930,53,72940
d,931,53,89350
d,932,54,63580
d,933,54,98140
d,934,55,59790
d,935,55,89360
d,936,55,87200
d,937,54,113140
d,938,54,76030
d,939,54,86770
d,940,55,87060
d,941,55,81080
d,942,54,74140
d,943,55,67370
d,944,55,70780
d,945,53,54850
d,946,54,56570
d,947,54,74660
d,948,54,54750
d,949,55,50780
d,950,55,58570
d,951,56,58080
d,952,57,73030
d,953,58,122920
d,954,59,68400
d,955,60,72300
d,956,61,51830
d,957,62,57800
d,958,63,58460
d,959,64,49750
d,960,65,47400
d,961,66,59820
d,962,54,45140
d,963,55,42610
d,964,63,59550
d,965,64,54570
d,966,65,45940
d,967,66,45010
d,968,57,38230
d,969,58,59630
d,970,59,47340
d,971,64,49770
d,972,65,45400
d,973,66,41070
d,974,63,58030
d,975,64,54800
d,976,65,43830
d,977,66,55480
d,978,65,50770
d,979,66,46390
d,980,63,50050
d,981,64,46690
d,982,65,47270
d,983,66,52900
d,984,67,46940
d,985,58,44680
d,986,59,51240
d,987,64,49330
d,988,57,44360
d,989,58,53740
d,990,59,53980
d,991,64,44720
d,992,65,53630
d,993,66,41940
d,994,63,46520
d,995,64,43050
d,996,65,46250
d,997,64,47290
d,998,65,49840
d,999,66,50770
d,1000,67,49070
d,1001,64,45370
d,1002,65,55740
d,1003,57,50480
d,1004,58,46070
d,1005,58,55480
d,1006,59,52140
d,1007,60,40330
d,1008,65,64170
d,1009,63,64420
d,1010,64,53230
d,1011,64,59160
d,1012,65,69160
d,1013,66,61810
d,1014,65,63960
d,1015,66,63320
d,1016,64,69840
d,1017,64,72610
d,1018,65,78060
d,1019,66,71970
d,1020,58,78130
d,1021,59,59850
d,1022,59,63820
d,1023,65,78050
d,1024,65,62780
d,1025,58,60940
d,1026,64,52590
d,1027,65,48490
d,1028,65,57580
d,1029,66,51670
d,1030,66,46180
d,1031,64,66480
d,1032,64,63540
d,1033,65,87680
d,1034,65,53990
d,1035,66,57320
d,1036,67,52980
d,1037,59,58210
d,1038,65,53930
d,1039,65,49560
d,1040,58,60740
d,1041,59,62160
d,1042,59,56950
d,1043,65,46710
d,1044,66,72620
d,1045,66,56950
d,1046,64,57460
d,1047,65,59790
d,1048,65,58460
d,1049,65,65230
d,1050,66,68590
d,1051,66,64120
d,1052,67,52310
d,1053,65,66220
d,1054,65,51750
d,1055,58,60770
d,1056,59,61760
d,1057,59,60420
d,1058,60,80020
d,1059,60,53380
d,1060,66,50400
d,1061,64,65380
d,1062,65,82730
d,1063,65,58480
d,1064,66,58470
d,1065,66,61440
d,1066,66,57300
d,1067,67,71120
d,1068,65,53460
d,1069,65,49710
d,1070,66,64860
d,1071,66,57680
d,1072,59,43050
d,1073,60,49440
d,1074,60,46100
d,1075,66,48050
d,1076,66,48170
d,1077,59,52790
d,1078,65,54320
d,1079,66,55270
d,1080,66,56750
d,1081,67,43970
d,1082,67,61510
d,1083,65,53630
d,1084,65,63530
d,1085,66,50570
d,1086,66,51010
d,1087,67,52970
d,1088,67,54300
d,1089,60,52480
d,1090,66,57100
d,1091,66,62810
d,1092,59,46570
d,1093,60,42100
d,1094,60,44800
d,1095,66,52540
d,1096,67,56900
d,1097,67,50580
d,1098,65,54070
d,1099,66,52390
d,1100,66,51210
d,1101,66,65480
d,1102,67,73620
d,1103,67,57140
d,1104,68,53520
d,1105,69,52910
d,1106,70,59470
d,1107,71,53070
d,1108,72,60320
d,1109,60,49640
d,1110,61,58030
d,1111,69,57110
d,1112,70,52780
d,1113,71,48410
d,1114,72,51840
d,1115,66,49000
d,1116,67,64250
d,1117,67,58590
d,1118,70,58710
d,1119,71,51840
d,1120,72,61120
d,1121,69,64800
d,1122,70,57160
d,1123,71,51140
d,1124,72,66130
d,1125,71,54380
d,1126,72,63050
d,1127,69,57440
d,1128,70,47820
d,1129,71,62670
d,1130,72,65980
d,1131,73,86890
d,1132,72,63450
d,1133,73,106740
d,1134,70,71220
d,1135,71,73940
d,1136,72,119250
d,1137,73,105780
d,1138,70,154740
d,1139,71,113720
d,1140,72,77910
d,1141,69,84390
d,1142,70,74440
d,1143,71,89290
d,1144,70,123230
d,1145,71,104980
d,1146,72,132580
d,1147,73,100900
d,1148,70,92270
d,1149,71,81600
d,1150,70,72020
d,1151,71,72460
d,1152,72,61610
d,1153,73,84560
d,1154,74,73880
d,1155,75,68230
d,1156,69,68250
d,1157,70,72290
d,1158,70,81150
d,1159,71,64540
d,1160,72,59320
d,1161,75,60000
d,1162,76,56490
d,1163,70,60790
d,1164,70,78390
d,1165,71,61060
d,1166,72,56200
d,1167,71,68730
d,1168,76,59550
d,1169,77,69370
d,1170,71,65110
d,1171,75,63580
d,1172,76,62600
d,1173,70,53710
d,1174,71,50430
d,1175,77,58380
d,1176,78,56570
d,1177,75,87810
d,1178,76,88400
d,1179,70,46140
d,1180,71,57760
d,1181,71,61460
d,1182,72,69110
d,1183,73,95600
d,1184,76,72230
d,1185,77,66470
d,1186,71,88870
d,1187,71,50680
d,1188,76,46320
d,1189,77,67220
d,1190,71,85660
d,1191,75,102060
d,1192,76,76030
d,1193,70,78110
d,1194,76,106090
d,1195,77,106840
d,1196,71,68680
d,1197,72,78370
d,1198,76,81270
d,1199,77,60630
d,1200,76,70600
d,1201,77,60540
d,1202,71,55640
d,1203,72,83660
d,1204,72,75360
d,1205,77,89650
d,1206,75,60590
d,1207,76,60010
d,1208,76,73380
d,1209,77,63690
d,1210,71,78490
d,1211,77,55440
d,1212,78,52360
d,1213,76,62600
d,1214,76,59990
d,1215,77,61650
d,1216,71,65760
d,1217,77,62050
d,1218,78,47930
d,1219,72,47030
d,1220,77,86580
d,1221,77,66440
d,1222,78,62990
d,1223,76,64550
d,1224,77,59290
d,1225,77,60250
d,1226,78,66280
d,1227,78,58680
d,1228,76,51590
d,1229,76,58520
d,1230,77,64880
d,1231,77,78410
d,1232,78,76020
d,1233,72,64660
d,1234,78,76490
d,1235,77,63440
d,1236,77,67570
d,1237,77,67000
d,1238,78,94250
d,1239,72,66240
d,1240,77,70100
d,1241,78,56550
d,1242,78,77200
d,1243,76,62220
d,1244,77,76790
d,1245,77,78450
d,1246,77,74710
d,1247,78,69130
d,1248,78,75070
d,1249,79,79490
d,1250,77,86530
d,1251,77,63860
d,1252,77,78130
d,1253,78,69320
d,1254,78,59750
d,1255,79,70440
d,1256,73,83110
d,1257,78,69130
d,1258,76,87870
d,1259,77,75600
d,1260,77,73890
d,1261,78,60010
d,1262,78,80780
d,1263,78,70020
d,1264,79,75340
d,1265,77,75670
d,1266,77,53610
d,1267,78,62740
d,1268,78,60670
d,1269,78,61370
d,1270,79,53150
d,1271,79,60190
d,1272,78,55390
d,1273,78,55100
d,1274,78,73240
d,1275,77,68250
d,1276,78,65720
d,1277,78,68750
d,1278,79,62470
d,1279,79,77220
d,1280,77,64790
d,1281,77,66600
d,1282,78,66160
d,1283,78,53630
d,1284,79,50710
d,1285,79,60370
d,1286,79,67220
d,1287,78,71040
d,1288,78,68600
d,1289,78,61800
d,1290,79,72880
d,1291,79,73410
d,1292,78,67600
d,1293,79,67010
d,1294,79,72290
d,1295,77,52150
d,1296,78,54590
d,1297,78,68400
d,1298,78,72750
d,1299,79,74510
d,1300,79,71370
d,1301,80,66490
d,1302,81,67510
d,1303,82,66060
d,1304,83,66610
d,1305,84,73310
d,1306,85,60950
d,1307,86,70930
d,1308,87,58300
d,1309,88,50570
d,1310,89,59640
d,1311,90,60750
d,1312,78,62490
d,1313,79,63860
d,1314,87,50650
d,1315,88,50740
d,1316,89,64020
d,1317,90,71500
d,1318,81,68720
d,1319,82,84910
d,1320,83,76150
d,1321,88,71010
d,1322,89,69040
d,1323,90,65490
d,1324,87,66770
d,1325,88,55800
d,1326,89,74450
d,1327,90,67570
d,1328,89,76220
d,1329,90,67240
d,1330,87,85520
d,1331,88,73540
d,1332,89,75600
d,1333,90,69810
d,1334,91,77360
d,1335,82,69650
d,1336,83,67560
d,1337,88,81260
d,1338,81,68450
d,1339,82,60170
d,1340,83,74220
d,1341,88,70090
d,1342,89,68210
d,1343,90,77490
d,1344,87,76540
d,1345,88,71980
d,1346,89,83140
d,1347,88,69380
d,1348,89,80380
d,1349,90,69000
d,1350,91,65210
d,1351,88,69700
d,1352,89,71400
d,1353,81,79390
d,1354,82,79240
d,1355,82,75560
d,1356,83,77990
d,1357,84,78320
d,1358,89,77370
d,1359,87,73000
d,1360,88,82520
d,1361,88,74440
d,1362,89,75500
d,1363,90,102830
d,1364,89,67880
d,1365,90,75370
d,1366,88,70950
d,1367,88,82190
d,1368,89,64590
d,1369,90,71120
d,1370,82,67190
d,1371,83,71820
d,1372,83,75120
d,1373,89,66760
d,1374,89,59670
d,1375,82,68080
d,1376,88,69170
d,1377,89,81350
d,1378,89,69510
d,1379,90,78040
d,1380,90,80090
d,1381,88,76800
d,1382,88,78600
d,1383,89,69410
d,1384,89,68670
d,1385,90,69140
d,1386,91,68140
d,1387,83,70000
d,1388,89,79350
d,1389,89,68510
d,1390,82,73510
d,1391,83,73830
d,1392,83,75150
d,1393,89,76360
d,1394,90,61390
d,1395,90,59730
d,1396,88,72050
d,1397,89,70230
d,1398,89,75290
d,1399,89,64800
d,1400,90,61310
d,1401,90,68110
d,1402,91,64290
d,1403,89,71240
d,1404,89,84700
d,1405,82,68290
d,1406,83,80490
d,1407,83,75900
d,1408,84,74850
d,1409,84,72720
d,1410,90,70100
d,1411,88,66410
d,1412,89,56820
d,1413,89,54690
d,1414,90,69190
d,1415,90,78380
d,1416,90,72920
d,1417,91,76880
d,1418,89,79820
d,1419,89,87050
d,1420,90,68700
d,1421,90,87190
d,1422,83,70640
d,1423,84,59750
d,1424,84,70710
d,1425,90,72620
d,1426,90,66790
d,1427,83,63960
d,1428,89,86870
d,1429,90,75820
d,1430,90,75040
d,1431,91,75460
d,1432,91,77920
d,1433,89,76550
d,1434,89,78930
d,1435,90,85240
d,1436,90,115170
d,1437,91,81890
d,1438,91,76590
d,1439,84,85140
d,1440,90,75600
d,1441,90,111490
d,1442,83,79500
d,1443,84,73690
d,1444,84,88450
d,1445,90,75450
d,1446,91,89350
d,1447,91,67800
d,1448,89,89810
d,1449,90,75480
d,1450,90,91440
d,1451,90,87490
d,1452,91,70500
d,1453,91,82060
d,1454,92,68750
d,1455,93,84900
d,1456,94,75560
d,1457,95,83330
d,1458,96,76200
d,1459,84,79920
d,1460,85,78260
d,1461,93,69530
d,1462,94,66690
d,1463,95,65450
d,1464,96,85090
d,1465,90,65500
d,1466,91,80430
d,1467,91,73660
d,1468,94,78220
d,1469,95,77680
d,1470,96,76710
d,1471,93,72450
d,1472,94,80090
d,1473,95,73910
d,1474,96,79900
d,1475,95,72810
d,1476,96,75780
d,1477,93,64460
d,1478,94,74770
d,1479,95,74860
d,1480,96,81820
d,1481,97,74050
d,1482,96,76190
d,1483,97,69610
d,1484,94,74800
d,1485,95,94440
d,1486,96,82050
d,1487,97,87770
d,1488,94,78950
d,1489,95,80970
d,1490,96,73810
d,1491,93,88090
d,1492,94,74790
d,1493,95,78990
d,1494,94,71690
d,1495,95,69050
d,1496,96,87760
d,1497,97,63670
d,1498,94,68810
d,1499,95,66110
d,1500,94,68510
d,1501,95,73820
d,1502,96,58520
d,1503,97,58090
d,1504,98,80600
d,1505,99,72990
d,1506,93,84220
d,1507,94,77320
d,1508,94,78110
d,1509,95,81780
d,1510,96,93380
d,1511,99,75010
d,1512,100,59410
d,1513,94,59340
d,1514,94,72650
d,1515,95,72640
d,1516,96,77130
d,1517,95,78490
d,1518,100,76000
d,1519,101,76490
d,1520,95,88500
d,1521,99,82770
d,1522,100,70340
d,1523,94,97450
d,1524,95,73460
d,1525,101,70730
d,1526,102,90190
d,1527,99,118230
d,1528,100,87270
d,1529,94,76640
d,1530,95,78610
d,1531,95,110600
d,1532,96,75470
d,1533,97,70740
d,1534,100,84400
d,1535,101,80450
d,1536,95,77000
d,1537,95,68600
d,1538,100,79080
d,1539,101,68940
d,1540,95,75900
d,1541,99,77980
d,1542,100,59910
d,1543,94,77550
d,1544,100,88280
d,1545,101,81820
d,1546,95,81270
d,1547,96,74150
d,1548,100,85530
d,1549,101,88600
d,1550,100,97040
d,1551,101,97970
d,1552,95,86970
d,1553,96,89200
d,1554,96,90020
d,1555,101,89220
d,1556,99,95110
d,1557,100,88930
d,1558,100,81960
d,1559,101,84350
d,1560,95,77720
d,1561,101,84280
d,1562,102,77650
d,1563,100,80060
d,1564,100,79050
d,1565,101,80190
d,1566,95,82690
d,1567,101,78840
d,1568,102,84120
d,1569,96,78150
d,1570,101,93230
d,1571,101,78080
d,1572,102,80880
d,1573,100,61020
d,1574,101,66600
d,1575,101,84760
d,1576,102,83730
d,1577,102,84660
d,1578,100,75950
d,1579,100,83070
d,1580,101,78390
d,1581,101,89340
d,1582,102,91430
d,1583,96,93280
d,1584,102,84560
d,1585,101,87220
d,1586,101,86250
d,1587,101,85230
d,1588,102,87220
d,1589,96,75170
d,1590,101,92150
d,1591,102,84580
d,1592,102,81360
d,1593,100,63050
d,1594,101,67710
d,1595,101,75200
d,1596,101,81720
d,1597,102,86810
d,1598,102,73900
d,1599,103,88890
d,1600,101,84860
d,1601,101,89640
d,1602,101,76650
d,1603,102,87420
d,1604,102,72010
d,1605,103,62710
d,1606,97,75530
d,1607,102,74220
d,1608,100,73560
d,1609,101,62550
d,1610,101,64400
d,1611,102,84340
d,1612,102,76560
d,1613,102,80130
d,1614,103,83100
d,1615,101,83050
d,1616,101,82770
d,1617,102,89820
d,1618,102,76990
d,1619,102,64380
d,1620,103,68740
d,1621,103,86870
d,1622,102,92940
d,1623,102,111650
d,1624,102,102580
d,1625,101,95990
d,1626,102,79880
d,1627,102,90900
d,1628,103,85080
d,1629,103,93980
d,1630,101,119550
d,1631,101,100890
d,1632,102,79370
d,1633,102,90050
d,1634,103,104510
d,1635,103,99620
d,1636,103,83680
d,1637,102,87140
d,1638,102,79780
d,1639,102,86920
d,1640,103,84820
d,1641,103,85380
d,1642,102,85870
d,1643,103,83960
d,1644,103,91430
d,1645,101,107290
d,1646,102,90330
d,1647,102,92320
d,1648,102,82850
d,1649,103,113460
d,1650,103,88120
d,1651,104,94610
d,1652,105,91040
d,1653,106,99240
d,1654,107,76880
d,1655,108,77490
d,1656,109,72980
d,1657,110,83440
d,1658,111,65960
d,1659,112,64330
d,1660,113,82010
d,1661,114,80690
d,1662,102,90190
d,1663,103,83390
d,1664,111,85220
d,1665,112,87590
d,1666,113,97610
d,1667,114,72810
d,1668,105,96720
d,1669,106,79620
d,1670,107,92260
d,1671,112,78380
d,1672,113,64510
d,1673,114,84040
d,1674,111,89840
d,1675,112,86450
d,1676,113,88700
d,1677,114,95230
d,1678,113,93420
d,1679,114,82710
d,1680,111,88810
d,1681,112,83880
d,1682,113,92130
d,1683,114,86850
d,1684,115,89260
d,1685,106,87460
d,1686,107,93070
d,1687,112,88730
d,1688,105,83210
d,1689,106,65530
d,1690,107,73030
d,1691,112,90250
d,1692,113,99650
d,1693,114,84750
d,1694,111,93420
d,1695,112,96460
d,1696,113,86680
d,1697,112,84890
d,1698,113,93920
d,1699,114,83740
d,1700,115,87750
d,1701,112,75250
d,1702,113,87250
d,1703,105,88000
d,1704,106,93660
d,1705,106,91230
d,1706,107,87680
d,1707,108,92280
d,1708,113,89230
d,1709,111,97140
d,1710,112,67070
d,1711,112,81580
d,1712,113,89200
d,1713,114,92900
d,1714,113,103370
d,1715,114,94260
d,1716,112,86890
d,1717,112,87380
d,1718,113,79610
d,1719,114,67900
d,1720,106,83960
d,1721,107,81150
d,1722,107,88290
d,1723,113,86400
d,1724,113,86730
d,1725,106,101280
d,1726,112,92860
d,1727,113,90460
d,1728,113,90620
d,1729,114,94270
d,1730,114,84820
d,1731,112,85180
d,1732,112,97370
d,1733,113,89360
d,1734,113,84390
d,1735,114,78510
d,1736,115,91460
d,1737,107,88050
d,1738,113,94010
d,1739,113,86440
d,1740,106,89720
d,1741,107,96030
d,1742,107,93280
d,1743,113,90090
d,1744,114,83020
d,1745,114,90930
d,1746,112,89460
d,1747,113,83870
d,1748,113,80790
d,1749,113,94220
d,1750,114,89840
d,1751,114,105440
d,1752,115,89790
d,1753,113,86240
d,1754,113,92390
d,1755,106,78150
d,1756,107,68030
d,1757,107,83870
d,1758,108,95450
d,1759,108,104390
d,1760,114,84660
d,1761,112,88180
d,1762,113,86180
d,1763,113,93870
d,1764,114,85520
d,1765,114,96580
d,1766,114,83690
d,1767,115,88450
d,1768,113,101540
d,1769,113,89530
d,1770,114,99080
d,1771,114,90000
d,1772,107,87090
d,1773,108,94650
d,1774,108,92620
d,1775,114,98880
d,1776,114,88760
d,1777,107,93460
d,1778,113,84560
d,1779,114,90740
d,1780,114,105670
d,1781,115,97130
d,1782,115,85380
d,1783,113,97240
d,1784,113,78600
d,1785,114,86140
d,1786,114,82170
d,1787,115,99270
d,1788,115,70910
d,1789,108,78100
d,1790,114,94290
d,1791,114,101210
d,1792,107,98680
d,1793,108,96730
d,1794,108,89330
d,1795,114,86820
d,1796,115,84090
d,1797,115,106620
d,1798,113,88740
d,1799,114,72400
d,1800,114,88600
d,1801,114,99880
d,1802,115,89350
d,1803,115,90020
d,1804,116,100810
d,1805,117,89950
d,1806,118,86670
d,1807,119,71210
d,1808,120,86220
d,1809,108,82000
d,1810,109,76040
d,1811,117,76760
d,1812,118,80140
d,1813,119,96590
d,1814,120,101570
d,1815,114,97310
d,1816,115,81160
d,1817,115,89290
d,1818,118,84800
d,1819,119,84660
d,1820,120,70350
d,1821,117,112600
d,1822,118,98030
d,1823,119,94470
d,1824,120,103320
d,1825,119,115140
d,1826,120,87550
d,1827,117,103620
d,1828,118,97490
d,1829,119,101630
d,1830,120,100990
d,1831,121,109040
d,1832,120,98800
d,1833,121,98480
d,1834,118,91960
d,1835,119,96780
d,1836,120,90320
d,1837,121,94350
d,1838,118,89150
d,1839,119,98610
d,1840,120,89890
d,1841,117,94760
d,1842,118,86850
d,1843,119,100020
d,1844,118,98520
d,1845,119,105600
d,1846,120,89510
d,1847,121,99930
d,1848,118,93180
d,1849,119,100600
d,1850,118,108050
d,1851,119,86530
d,1852,120,98440
d,1853,121,95020
d,1854,122,96640
d,1855,123,103110
d,1856,117,97950
d,1857,118,119830
d,1858,118,116440
d,1859,119,86620
d,1860,120,96400
d,1861,123,100630
d,1862,124,96920
d,1863,118,106760
d,1864,118,109830
d,1865,119,104440
d,1866,120,93040
d,1867,119,103700
d,1868,124,78300
d,1869,125,89160
d,1870,119,105220
d,1871,123,120520
d,1872,124,94950
d,1873,118,96580
d,1874,119,101030
d,1875,125,107630
d,1876,126,93500
d,1877,123,84720
d,1878,124,101090
d,1879,118,91510
d,1880,119,92880
d,1881,119,73120
d,1882,120,82640
d,1883,121,110950
d,1884,124,91990
d,1885,125,99980
d,1886,119,102440
d,1887,119,105550
d,1888,124,98960
d,1889,125,95370
d,1890,119,106900
d,1891,123,90090
d,1892,124,100010
d,1893,118,95590
d,1894,124,97250
d,1895,125,106320
d,1896,119,98500
d,1897,120,99720
d,1898,124,86390
d,1899,125,73440
d,1900,124,109140
d,1901,125,97730
d,1902,119,99320
d,1903,120,98600
d,1904,120,103610
d,1905,125,99240
d,1906,123,85370
d,1907,124,91140
d,1908,124,83470
d,1909,125,100900
d,1910,119,74370
d,1911,125,116080
d,1912,126,98920
d,1913,124,120300
d,1914,124,121110
d,1915,125,107030
d,1916,119,91810
d,1917,125,110410
d,1918,126,97900
d,1919,120,83330
d,1920,125,91800
d,1921,125,104950
d,1922,126,108820
d,1923,124,147060
d,1924,125,120950
d,1925,125,103300
d,1926,126,91680
d,1927,126,96760
d,1928,124,109800
d,1929,124,86780
d,1930,125,116560
d,1931,125,103390
d,1932,126,111960
d,1933,120,105910
d,1934,126,110760
d,1935,125,102410
d,1936,125,107660
d,1937,125,117380
d,1938,126,110220
d,1939,120,116780
d,1940,125,108490
d,1941,126,109250
d,1942,126,114480
d,1943,124,114390
d,1944,125,104080
d,1945,125,78330
d,1946,125,105560
d,1947,126,111560
d,1948,126,75550
d,1949,127,89080
d,1950,125,103690
d,1951,125,104970
d,1952,125,114330
d,1953,126,119000
d,1954,126,112790
d,1955,127,99040
d,1956,121,119240
d,1957,126,99380
d,1958,124,123000
d,1959,125,113800
d,1960,125,115390
d,1961,126,106630
d,1962,126,96380
d,1963,126,91480
d,1964,127,88030
d,1965,125,99960
d,1966,125,86290
d,1967,126,111010
d,1968,126,97490
d,1969,126,97570
d,1970,127,114380
d,1971,127,102580
d,1972,126,104320
d,1973,126,95600
d,1974,126,110280
d,1975,125,100290
d,1976,126,102460
d,1977,126,114950
d,1978,127,111950
d,1979,127,112570
d,1980,125,99320
d,1981,125,103530
d,1982,126,81460
d,1983,126,91200
d,1984,127,100530
d,1985,127,110610
d,1986,127,104710
d,1987,126,111720
d,1988,126,109140
d,1989,126,102120
d,1990,127,122940
d,1991,127,121520
d,1992,126,94570
d,1993,127,82930
d,1994,127,106290
d,1995,125,108370
d,1996,126,99260
d,1997,126,104120
d,1998,126,106800
d,1999,127,91900
d,2000,127,115740
d,2001,128,89760
d,2002,129,77550
d,2003,130,101430
d,2004,131,112490
d,2005,132,117290
d,2006,133,105980
d,2007,134,105390
d,2008,135,118190
d,2009,136,108740
d,2010,137,117150
d,2011,138,114780
d,2012,126,113450
d,2013,127,115760
d,2014,135,110420
d,2015,136,102710
d,2016,137,105120
d,2017,138,107510
d,2018,129,125980
d,2019,130,110970
d,2020,131,115510
d,2021,136,105170
d,2022,137,97110
d,2023,138,105490
d,2024,135,132790
d,2025,136,104650
d,2026,137,113630
d,2027,138,96940
d,2028,137,99650
d,2029,138,111400
d,2030,135,87390
d,2031,136,110210
d,2032,137,104000
d,2033,138,115210
d,2034,139,109930
d,2035,130,120490
d,2036,131,125100
d,2037,136,107190
d,2038,129,114430
d,2039,130,132720
d,2040,131,108950
d,2041,136,126600
d,2042,137,109630
d,2043,138,95360
d,2044,135,103270
d,2045,136,87120
d,2046,137,91860
d,2047,136,102950
d,2048,137,109120
d,2049,138,98570
d,2050,139,106900
d,2051,136,107140
d,2052,137,101530
d,2053,129,114020
d,2054,130,82810
d,2055,130,88390
d,2056,131,107900
d,2057,132,105440
d,2058,137,104640
d,2059,135,112650
d,2060,136,110830
d,2061,136,108640
d,2062,137,110420
d,2063,138,103540
d,2064,137,124930
d,2065,138,106300
d,2066,136,99560
d,2067,136,102800
d,2068,137,111550
d,2069,138,107060
d,2070,130,98190
d,2071,131,94250
d,2072,131,95890
d,2073,137,98210
d,2074,137,96180
d,2075,130,99520
d,2076,136,95440
d,2077,137,107520
d,2078,137,98750
d,2079,138,91720
d,2080,138,118910
d,2081,136,103670
d,2082,136,113130
d,2083,137,104710
d,2084,137,114240
d,2085,138,112510
d,2086,139,99510
d,2087,131,112490
d,2088,137,94380
d,2089,137,101030
d,2090,130,101320
d,2091,131,107350
d,2092,131,105110
d,2093,137,112310
d,2094,138,116650
d,2095,138,136880
d,2096,136,105710
d,2097,137,110040
d,2098,137,106280
d,2099,137,107130
d,2100,138,101510
d,2101,138,107650
d,2102,139,107860
d,2103,137,105980
d,2104,137,119990
d,2105,130,127230
d,2106,131,116710
d,2107,131,123640
d,2108,132,115650
d,2109,132,119200
d,2110,138,123850
d,2111,136,134950
d,2112,137,96690
d,2113,137,90410
d,2114,138,101930
d,2115,138,115060
d,2116,138,124800
d,2117,139,111340
d,2118,137,119660
d,2119,137,122770
d,2120,138,123770
d,2121,138,144380
d,2122,131,145670
d,2123,132,124160
d,2124,132,115730
d,2125,138,105500
d,2126,138,105680
d,2127,131,109040
d,2128,137,113710
d,2129,138,110360
d,2130,138,109120
d,2131,139,94970
d,2132,139,99350
d,2133,137,137450
d,2134,137,116890
d,2135,138,123200
d,2136,138,114780
d,2137,139,127780
d,2138,139,122260
d,2139,132,117460
d,2140,138,106900
d,2141,138,121240
d,2142,131,113230
d,2143,132,115350
d,2144,132,100270
d,2145,138,130700
d,2146,139,109340
d,2147,139,93430
d,2148,137,102000
d,2149,138,103480
d,2150,138,99080
d,2151,138,83410
d,2152,139,111780
d,2153,139,122050
d,2154,140,125840
d,2155,141,115370
d,2156,142,92790
d,2157,143,113410
d,2158,144,100210
d,2159,132,89790
d,2160,133,90920
d,2161,141,109170
d,2162,142,117960
d,2163,143,110250
d,2164,144,121330
d,2165,138,93090
d,2166,139,99420
d,2167,139,110750
d,2168,142,104770
d,2169,143,115140
d,2170,144,110260
d,2171,141,116340
d,2172,142,102610
d,2173,143,114120
d,2174,144,118950
d,2175,143,89980
d,2176,144,108250
d,2177,141,113570
d,2178,142,140110
d,2179,143,112460
d,2180,144,113970
d,2181,145,111790
d,2182,144,99000
d,2183,145,112010
d,2184,142,101520
d,2185,143,105510
d,2186,144,114030
d,2187,145,110580
d,2188,142,123610
d,2189,143,111930
d,2190,144,114240
d,2191,141,108760
d,2192,142,102730
d,2193,143,102710
d,2194,142,88420
d,2195,143,100590
d,2196,144,110320
d,2197,145,125410
d,2198,142,123980
d,2199,143,95810
d,2200,142,113790
d,2201,143,117010
d,2202,144,125960
d,2203,145,117720
d,2204,146,120930
d,2205,147,120690
d,2206,141,132870
d,2207,142,94250
d,2208,142,109360
d,2209,143,106880
d,2210,144,112550
d,2211,147,113350
d,2212,148,115720
d,2213,142,137720
d,2214,142,132160
d,2215,143,142090
d,2216,144,101430
d,2217,143,155120
d,2218,148,119480
d,2219,149,115700
d,2220,143,110550
d,2221,147,106950
d,2222,148,101770
d,2223,142,126190
d,2224,143,150970
d,2225,149,124230
d,2226,150,127400
d,2227,147,118740
d,2228,148,113180
d,2229,142,106000
d,2230,143,116500
d,2231,143,106300
d,2232,144,128870
d,2233,145,134330
d,2234,148,122940
d,2235,149,160510
d,2236,143,199250
d,2237,143,124260
d,2238,148,135770
d,2239,149,121280
d,2240,143,125900
d,2241,147,100060
d,2242,148,114010
d,2243,142,108750
d,2244,148,123390
d,2245,149,120500
d,2246,143,115010
d,2247,144,116910
d,2248,148,106720
d,2249,149,113530
d,2250,148,137400
d,2251,149,93300
d,2252,143,110110
d,2253,144,113840
d,2254,144,123970
d,2255,149,116110
d,2256,147,109700
d,2257,148,105030
d,2258,148,101240
d,2259,149,99410
d,2260,143,98160
d,2261,149,123140
d,2262,150,114390
d,2263,148,120830
d,2264,148,119170
d,2265,149,125940
d,2266,143,110300
d,2267,149,103300
d,2268,150,87960
d,2269,144,122070
d,2270,149,113120
d,2271,149,119030
d,2272,150,119100
d,2273,148,110560
d,2274,149,111040
d,2275,149,116460
d,2276,150,92560
d,2277,150,117980
d,2278,148,118310
d,2279,148,117710
d,2280,149,115100
d,2281,149,107430
d,2282,150,105420
d,2283,144,103510
d,2284,150,103490
d,2285,149,95300
d,2286,149,112960
d,2287,149,108120
d,2288,150,122820
d,2289,144,122220
d,2290,149,114560
d,2291,150,112130
d,2292,150,108340
d,2293,148,106430
d,2294,149,120320
d,2295,149,137670
d,2296,149,130710
d,2297,150,139530
d,2298,150,122490
d,2299,151,104170
d,2300,149,130620
d,2301,149,98450
d,2302,149,108330
d,2303,150,110950
d,2304,150,114860
d,2305,151,123670
d,2306,145,113360
d,2307,150,117290
d,2308,148,127940
d,2309,149,89810
d,2310,149,123180
d,2311,150,139390
d,2312,150,116850
d,2313,150,127240
d,2314,151,119030
d,2315,149,117280
d,2316,149,102620
d,2317,150,171390
d,2318,150,127040
d,2319,150,140920
d,2320,151,122680
d,2321,151,146670
d,2322,150,187380
d,2323,150,120900
d,2324,150,132230
d,2325,149,116170
d,2326,150,128520
d,2327,150,121310
d,2328,151,132850
d,2329,151,115970
d,2330,149,135880
d,2331,149,121180
d,2332,150,129880
d,2333,150,130260
d,2334,151,134680
d,2335,151,131220
d,2336,151,113570
d,2337,150,103820
d,2338,150,108170
d,2339,150,108210
d,2340,151,131470
d,2341,151,115630
d,2342,150,115510
d,2343,151,120030
d,2344,151,117850
d,2345,149,126680
d,2346,150,93470
d,2347,150,124300
d,2348,150,128540
d,2349,151,125160
d,2350,151,122950
d,2351,152,124470
d,2352,153,126470
d,2353,154,126150
d,2354,155,114240
d,2355,156,128630
d,2356,157,144360
d,2357,158,127550
d,2358,159,115940
d,2359,160,114620
d,2360,161,133350
d,2361,162,117790
d,2362,150,125660
d,2363,151,121540
d,2364,159,132540
d,2365,160,129720
d,2366,161,130490
d,2367,162,140020
d,2368,153,118740
d,2369,154,127830
d,2370,155,129430
d,2371,160,138650
d,2372,161,127920
d,2373,162,127000
d,2374,159,109450
d,2375,160,121860
d,2376,161,117510
d,2377,162,107660
d,2378,161,121410
d,2379,162,120790
d,2380,159,134700
d,2381,160,129530
d,2382,161,131450
d,2383,162,95870
d,2384,163,110790
d,2385,154,133970
d,2386,155,127720
d,2387,160,154540
d,2388,153,139060
d,2389,154,99580
d,2390,155,119380
d,2391,160,131270
d,2392,161,94320
d,2393,162,126980
d,2394,159,114840
d,2395,160,133300
d,2396,161,144750
d,2397,160,128460
d,2398,161,122030
d,2399,162,125740
d,2400,163,121880
d,2401,160,128900
d,2402,161,127550
d,2403,153,125860
d,2404,154,121240
d,2405,154,116610
d,2406,155,128400
d,2407,156,142220
d,2408,161,132930
d,2409,159,127920
d,2410,160,137390
d,2411,160,135490
d,2412,161,109220
d,2413,162,101930
d,2414,161,137050
d,2415,162,119160
d,2416,160,121050
d,2417,160,139240
d,2418,161,121080
d,2419,162,128920
d,2420,154,169420
d,2421,155,127350
d,2422,155,141060
d,2423,161,128400
d,2424,161,124600
d,2425,154,122390
d,2426,160,123100
d,2427,161,125250
d,2428,161,98060
d,2429,162,111680
d,2430,162,128530
d,2431,160,149110
d,2432,160,137910
d,2433,161,131870
d,2434,161,111740
d,2435,162,115860
d,2436,163,118600
d,2437,155,123760
d,2438,161,126740
d,2439,161,139570
d,2440,154,150300
d,2441,155,122980
d,2442,155,119850
d,2443,161,104030
d,2444,162,129890
d,2445,162,115100
d,2446,160,101460
d,2447,161,133590
d,2448,161,129290
d,2449,161,123870
d,2450,162,115170
d,2451,162,101200
d,2452,163,134950
d,2453,161,133470
d,2454,161,133250
d,2455,154,139430
d,2456,155,129100
d,2457,155,139010
d,2458,156,109670
d,2459,156,112660
d,2460,162,135200
d,2461,160,109940
d,2462,161,131300
d,2463,161,120980
d,2464,162,118590
d,2465,162,121840
d,2466,162,135030
d,2467,163,96640
d,2468,161,131930
d,2469,161,137880
d,2470,162,120720
d,2471,162,132860
d,2472,155,132960
d,2473,156,95890
d,2474,156,135890
d,2475,162,125130
d,2476,162,130380
d,2477,155,132210
d,2478,161,144300
d,2479,162,135230
d,2480,162,100260
d,2481,163,121620
d,2482,163,148650
d,2483,161,130830
d,2484,161,136460
d,2485,162,147420
d,2486,162,137370
d,2487,163,121210
d,2488,163,137480
d,2489,156,165500
d,2490,162,150960
d,2491,162,139450
d,2492,155,122380
d,2493,156,120590
d,2494,156,129070
d,2495,162,123460
d,2496,163,121040
d,2497,163,108250
d,2498,161,128890
d,2499,162,136690
d,2500,162,104060
d,2501,162,122940
d,2502,163,120720
d,2503,163,101470
d,2504,164,122320
d,2505,165,132870
d,2506,166,136860
d,2507,167,135830
d,2508,168,143610
d,2509,156,98120
d,2510,157,142980
d,2511,165,136240
d,2512,166,139060
d,2513,167,131900
d,2514,168,142450
d,2515,162,109640
d,2516,163,163400
d,2517,163,163650
d,2518,166,132500
d,2519,167,120430
d,2520,168,194130
d,2521,165,140940
d,2522,166,146240
d,2523,167,162000
d,2524,168,142260
d,2525,167,135840
d,2526,168,133770
d,2527,165,145830
d,2528,166,139510
d,2529,167,154720
d,2530,168,131170
d,2531,169,128470
d,2532,168,117030
d,2533,169,123090
d,2534,166,123630
d,2535,167,147950
d,2536,168,131130
d,2537,169,100270
d,2538,166,131740
d,2539,167,125120
d,2540,168,136590
d,2541,165,141030
d,2542,166,152000
d,2543,167,135360
d,2544,166,103450
d,2545,167,120320
d,2546,168,143690
d,2547,169,145540
d,2548,166,144150
d,2549,167,163970
d,2550,166,162930
d,2551,167,148530
d,2552,168,135110
d,2553,169,146200
d,2554,170,143390
d,2555,171,138090
d,2556,165,135030
d,2557,166,139130
d,2558,166,136380
d,2559,167,137520
d,2560,168,131090
d,2561,171,131230
d,2562,172,137300
d,2563,166,124850
d,2564,166,129500
d,2565,167,145920
d,2566,168,118450
d,2567,167,118030
d,2568,172,142610
d,2569,173,130000
d,2570,167,128050
d,2571,171,120100
d,2572,172,129550
d,2573,166,152150
d,2574,167,141760
d,2575,173,152760
d,2576,174,145830
d,2577,171,141180
d,2578,172,129860
d,2579,166,127320
d,2580,167,142930
d,2581,167,145640
d,2582,168,152990
d,2583,169,165830
d,2584,172,164350
d,2585,173,145170
d,2586,167,149700
d,2587,167,158920
d,2588,172,138080
d,2589,173,136630
d,2590,167,124390
d,2591,171,111610
d,2592,172,122650
d,2593,166,144810
d,2594,172,134720
d,2595,173,144780
d,2596,167,130720
d,2597,168,142770
d,2598,172,134580
d,2599,173,104450
d,2600,172,150860
d,2601,173,152160
d,2602,167,138630
d,2603,168,149450
d,2604,168,143120
d,2605,173,140930
d,2606,171,134760
d,2607,172,160590
d,2608,172,148550
d,2609,173,145360
d,2610,167,133360
d,2611,173,114860
d,2612,174,128510
d,2613,172,160830
d,2614,172,144640
d,2615,173,142170
d,2616,167,158760
d,2617,173,146340
d,2618,174,137900
d,2619,168,148010
d,2620,173,149980
d,2621,173,147240
d,2622,174,137150
d,2623,172,122280
d,2624,173,126690
d,2625,173,107840
d,2626,174,139090
d,2627,174,158410
d,2628,172,142310
d,2629,172,152530
d,2630,173,148540
d,2631,173,148130
d,2632,174,140230
d,2633,168,157330
d,2634,174,143180
d,2635,173,142300
d,2636,173,146240
d,2637,173,142840
d,2638,174,102370
d,2639,168,137450
d,2640,173,136960
d,2641,174,129310
d,2642,174,128040
d,2643,172,137460
d,2644,173,140750
d,2645,173,117330
d,2646,173,125390
d,2647,174,126180
d,2648,174,142330
d,2649,175,146380
d,2650,173,143410
d,2651,173,135240
d,2652,173,105000
d,2653,174,133890
d,2654,174,133080
d,2655,175,135360
d,2656,169,153310
d,2657,174,139900
d,2658,172,113130
d,2659,173,126270
d,2660,173,126250
d,2661,174,128170
d,2662,174,141430
d,2663,174,147160
d,2664,175,139840
d,2665,173,104250
d,2666,173,130450
d,2667,174,145040
d,2668,174,137220
d,2669,174,134000
d,2670,175,148580
d,2671,175,136660
d,2672,174,105900
d,2673,174,133700
d,2674,174,133350
d,2675,173,152140
d,2676,174,143590
d,2677,174,158330
d,2678,175,140380
d,2679,175,108780
d,2680,173,130590
d,2681,173,147160
d,2682,174,153070
d,2683,174,169650
d,2684,175,143560
d,2685,175,127900
d,2686,175,128850
d,2687,174,129220
d,2688,174,142910
d,2689,174,145150
d,2690,175,176260
d,2691,175,142810
d,2692,174,159210
d,2693,175,108810
d,2694,175,151490
d,2695,173,145960
d,2696,174,136330
d,2697,174,149210
d,2698,174,123660
d,2699,175,123020
d,2700,175,131850
d,2701,176,146860
d,2702,177,142480
d,2703,178,164920
d,2704,179,152080
d,2705,180,138830
d,2706,181,126940
d,2707,182,127380
d,2708,183,118830
d,2709,184,146430
d,2710,185,142570
d,2711,186,141570
d,2712,174,138450
d,2713,175,114580
d,2714,183,173210
d,2715,184,153580
d,2716,185,145830
d,2717,186,135120
d,2718,177,187930
d,2719,178,157740
d,2720,179,163200
d,2721,184,140580
d,2722,185,152590
d,2723,186,151080
d,2724,183,142220
d,2725,184,141490
d,2726,185,156160
d,2727,186,160820
d,2728,185,162810
d,2729,186,170360
d,2730,183,155130
d,2731,184,168490
d,2732,185,143010
d,2733,186,137800
d,2734,187,125930
d,2735,178,127300
d,2736,179,142580
d,2737,184,150060
d,2738,177,145280
d,2739,178,143170
d,2740,179,142690
d,2741,184,135160
d,2742,185,143540
d,2743,186,146010
d,2744,183,133070
d,2745,184,148200
d,2746,185,152120
d,2747,184,127360
d,2748,185,127660
d,2749,186,132140
d,2750,187,147430
d,2751,184,151270
d,2752,185,156180
d,2753,177,126860
d,2754,178,137320
d,2755,178,133790
d,2756,179,129000
d,2757,180,155340
d,2758,185,160120
d,2759,183,164750
d,2760,184,152200
d,2761,184,120600
d,2762,185,138160
d,2763,186,141400
d,2764,185,143840
d,2765,186,152250
d,2766,184,141550
d,2767,184,131840
d,2768,185,135380
d,2769,186,122500
d,2770,178,118230
d,2771,179,142860
d,2772,179,150810
d,2773,185,141490
d,2774,185,128800
d,2775,178,124590
d,2776,184,132020
d,2777,185,145250
d,2778,185,170300
d,2779,186,157540
d,2780,186,136100
d,2781,184,133440
d,2782,184,144650
d,2783,185,121770
d,2784,185,128590
d,2785,186,151830
d,2786,187,144120
d,2787,179,127510
d,2788,185,137640
d,2789,185,154780
d,2790,178,129470
d,2791,179,139060
d,2792,179,137790
d,2793,185,142590
d,2794,186,139680
d,2795,186,147480
d,2796,184,147760
d,2797,185,151350
d,2798,185,147080
d,2799,185,152150
d,2800,186,150770
d,2801,186,133990
d,2802,187,150430
d,2803,185,152950
d,2804,185,154010
d,2805,178,153420
d,2806,179,152210
d,2807,179,147820
d,2808,180,123540
d,2809,180,147010
d,2810,186,167650
d,2811,184,166900
d,2812,185,132360
d,2813,185,166910
d,2814,186,157110
d,2815,186,152510
d,2816,186,179480
d,2817,187,160350
d,2818,185,169950
d,2819,185,152970
d,2820,186,142560
d,2821,186,148140
d,2822,179,130430
d,2823,180,123690
d,2824,180,143170
d,2825,186,167790
d,2826,186,180800
d,2827,179,172200
d,2828,185,151970
d,2829,186,228260
d,2830,186,233170
d,2831,187,154990
d,2832,187,152770
d,2833,185,157360
d,2834,185,154340
d,2835,186,144200
d,2836,186,129540
d,2837,187,136550
d,2838,187,114200
d,2839,180,141640
d,2840,186,140370
d,2841,186,148220
d,2842,179,151530
d,2843,180,166610
d,2844,180,174260
d,2845,186,155960
d,2846,187,157680
d,2847,187,149010
d,2848,185,125850
d,2849,186,139480
d,2850,186,138640
d,2851,186,114930
d,2852,187,148390
d,2853,187,163600
d,2854,188,152980
d,2855,189,115380
d,2856,190,147310
d,2857,191,132520
d,2858,192,145390
d,2859,180,165820
d,2860,181,149900
d,2861,189,137780
d,2862,190,130710
d,2863,191,138600
d,2864,192,117850
d,2865,186,149300
d,2866,187,143240
d,2867,187,158440
d,2868,190,149320
d,2869,191,142000
d,2870,192,156550
d,2871,189,153980
d,2872,190,157080
d,2873,191,140740
d,2874,192,169480
d,2875,191,160650
d,2876,192,166510
d,2877,189,160090
d,2878,190,152210
d,2879,191,159620
d,2880,192,137490
d,2881,193,140370
d,2882,192,135300
d,2883,193,119970
d,2884,190,149480
d,2885,191,145450
d,2886,192,146630
d,2887,193,123230
d,2888,190,141970
d,2889,191,143520
d,2890,192,162540
d,2891,189,150480
d,2892,190,145800
d,2893,191,167020
d,2894,190,132020
d,2895,191,132430
d,2896,192,148700
d,2897,193,157740
d,2898,190,159240
d,2899,191,159220
d,2900,190,125580
d,2901,191,143880
d,2902,192,149390
d,2903,193,157050
d,2904,194,156960
d,2905,195,168950
d,2906,189,148490
d,2907,190,175540
d,2908,190,164950
d,2909,191,159900
d,2910,192,165300
d,2911,195,168230
d,2912,196,157990
d,2913,190,154670
d,2914,190,180380
d,2915,191,157660
d,2916,192,147050
d,2917,191,147510
d,2918,196,164850
d,2919,197,170050
d,2920,191,161240
d,2921,195,159870
d,2922,196,178290
d,2923,190,162520
d,2924,191,188840
d,2925,197,165060
d,2926,198,162820
d,2927,195,195610
d,2928,196,167380
d,2929,190,172530
d,2930,191,171220
d,2931,191,154960
d,2932,192,158730
d,2933,193,158110
d,2934,196,170530
d,2935,197,158640
d,2936,191,155690
d,2937,191,153180
d,2938,196,161930
d,2939,197,151790
d,2940,191,207130
d,2941,195,227680
d,2942,196,157280
d,2943,190,119090
d,2944,196,152500
d,2945,197,199630
d,2946,191,164790
d,2947,192,170190
d,2948,196,118840
d,2949,197,157300
d,2950,196,165730
d,2951,197,158440
d,2952,191,150010
d,2953,192,151620
d,2954,192,154320
d,2955,197,121060
d,2956,195,146770
d,2957,196,155080
d,2958,196,150820
d,2959,197,153040
d,2960,191,173180
d,2961,197,145360
d,2962,198,153820
d,2963,196,154490
d,2964,196,158390
d,2965,197,144460
d,2966,191,141370
d,2967,197,141870
d,2968,198,130060
d,2969,192,140410
d,2970,197,160880
d,2971,197,174580
d,2972,198,135020
d,2973,196,147440
d,2974,197,146250
d,2975,197,142240
d,2976,198,155760
d,2977,198,151820
d,2978,196,148610
d,2979,196,148540
d,2980,197,149060
d,2981,197,156970
d,2982,198,154280
d,2983,192,155720
d,2984,198,158550
d,2985,197,155520
d,2986,197,137550
d,2987,197,135280
d,2988,198,131870
d,2989,192,162020
d,2990,197,170190
d,2991,198,147880
d,2992,198,157610
d,2993,196,156890
d,2994,197,135840
d,2995,197,160240
d,2996,197,152410
d,2997,198,148910
d,2998,198,127920
d,2999,199,169410
d,3000,197,163410
d,3001,197,166740
d,3002,197,164620
d,3003,198,146160
d,3004,198,148810
d,3005,199,116560
d,3006,193,163580
d,3007,198,178480
d,3008,196,158650
d,3009,197,155990
d,3010,197,121240
d,3011,198,150300
d,3012,198,171970
d,3013,198,154580
d,3014,199,165580
d,3015,197,183470
d,3016,197,175020
d,3017,198,166710
d,3018,198,170330
d,3019,198,172080
d,3020,199,163450
d,3021,199,161310
d,3022,198,161400
d,3023,198,159540
d,3024,198,211130
d,3025,197,177580
d,3026,198,172190
d,3027,198,171900
d,3028,199,167780
d,3029,199,170250
d,3030,197,162870
d,3031,197,167220
d,3032,198,146350
d,3033,198,163300
d,3034,199,158250
d,3035,199,163280
d,3036,199,153630
d,3037,198,127780
d,3038,198,147050
d,3039,198,138430
d,3040,199,136100
d,3041,199,183190
d,3042,198,149460
d,3043,199,154280
d,3044,199,154430
d,3045,197,144390
d,3046,198,131950
d,3047,198,161090
d,3048,198,160340
d,3049,199,152640
d,3050,199,140710
d,3051,200,148800
d,3052,201,127450
d,3053,202,184550
d,3054,203,161750
d,3055,204,160850
d,3056,205,155060
d,3057,206,124020
d,3058,207,181480
d,3059,208,187600
d,3060,209,156390
d,3061,210,149820
d,3062,198,140740
d,3063,199,148980
d,3064,207,149600
d,3065,208,158660
d,3066,209,190520
d,3067,210,159190
d,3068,201,150650
d,3069,202,146430
d,3070,203,134810
d,3071,208,158260
d,3072,209,172180
d,3073,210,166670
d,3074,207,154900
d,3075,208,147870
d,3076,209,158860
d,3077,210,163320
d,3078,209,164880
d,3079,210,170070
d,3080,207,149300
d,3081,208,161460
d,3082,209,160170
d,3083,210,189210
d,3084,211,166180
d,3085,202,146060
d,3086,203,162830
d,3087,208,147490
d,3088,201,162220
d,3089,202,174860
d,3090,203,179500
d,3091,208,162830
d,3092,209,123920
d,3093,210,153730
d,3094,207,160470
d,3095,208,174240
d,3096,209,165850
d,3097,208,165800
d,3098,209,134910
d,3099,210,157860
d,3100,211,194400
d,3101,208,177080
d,3102,209,163040
d,3103,201,151960
d,3104,202,155450
d,3105,202,169340
d,3106,203,171760
d,3107,204,164120
d,3108,209,149440
d,3109,207,150810
d,3110,208,144000
d,3111,208,167680
d,3112,209,158640
d,3113,210,200800
d,3114,209,177980
d,3115,210,171830
d,3116,208,224230
d,3117,208,166910
d,3118,209,161690
d,3119,210,174040
d,3120,202,162400
d,3121,203,162880
d,3122,203,177420
d,3123,209,170150
d,3124,209,169530
d,3125,202,160680
d,3126,208,159380
d,3127,209,149960
d,3128,209,166550
d,3129,210,169060
d,3130,210,177740
d,3131,208,162400
d,3132,208,176260
d,3133,209,139240
d,3134,209,150660
d,3135,210,166110
d,3136,211,191190
d,3137,203,170780
d,3138,209,143770
d,3139,209,158480
d,3140,202,182260
d,3141,203,179260
d,3142,203,194250
d,3143,209,174610
d,3144,210,136420
d,3145,210,155970
d,3146,208,168780
d,3147,209,178470
d,3148,209,191460
d,3149,209,164490
d,3150,210,162400
d,3151,210,173710
d,3152,211,170960
d,3153,209,188940
d,3154,209,191270
d,3155,202,162080
d,3156,203,151630
d,3157,203,170350
d,3158,204,169860
d,3159,204,181050
d,3160,210,176940
d,3161,208,140810
d,3162,209,175700
d,3163,209,174940
d,3164,210,180010
d,3165,210,168140
d,3166,210,176360
d,3167,211,136500
d,3168,209,172490
d,3169,209,177600
d,3170,210,168340
d,3171,210,157550
d,3172,203,156870
d,3173,204,174860
d,3174,204,174880
d,3175,210,190570
d,3176,210,167810
d,3177,203,134410
d,3178,209,164920
d,3179,210,186450
d,3180,210,172430
d,3181,211,178050
d,3182,211,167370
d,3183,209,137040
d,3184,209,178780
d,3185,210,180230
d,3186,210,178830
d,3187,211,179940
d,3188,211,188000
d,3189,204,171800
d,3190,210,189870
d,3191,210,183400
d,3192,203,150950
d,3193,204,167660
d,3194,204,170300
d,3195,210,170330
d,3196,211,176100
d,3197,211,174300
d,3198,209,168380
d,3199,210,135410
d,3200,210,157390
d,3201,210,176830
d,3202,211,168320
d,3203,211,158240
d,3204,212,155290
d,3205,213,156430
d,3206,214,133660
d,3207,215,180600
d,3208,216,179730
d,3209,204,174120
d,3210,205,148270
d,3211,213,170910
d,3212,214,165500
d,3213,215,178490
d,3214,216,185310
d,3215,210,184740
d,3216,211,160390
d,3217,211,186290
d,3218,214,163260
d,3219,215,147520
d,3220,216,146000
d,3221,213,177270
d,3222,214,177100
d,3223,215,204440
d,3224,216,163040
d,3225,215,160340
d,3226,216,169470
d,3227,213,161770
d,3228,214,162220
d,3229,215,156930
d,3230,216,140760
d,3231,217,168040
d,3232,216,171230
d,3233,217,169980
d,3234,214,162110
d,3235,215,164770
d,3236,216,170940
d,3237,217,145970
d,3238,214,160830
d,3239,215,163490
d,3240,216,172390
d,3241,213,155900
d,3242,214,160540
d,3243,215,168720
d,3244,214,176080
d,3245,215,172580
d,3246,216,189940
d,3247,217,159100
d,3248,214,140870
d,3249,215,162490
d,3250,214,173070
d,3251,215,197950
d,3252,216,148120
d,3253,217,158270
d,3254,218,169240
d,3255,219,187030
d,3256,213,188650
d,3257,214,166210
d,3258,214,140190
d,3259,215,170200
d,3260,216,177260
d,3261,219,183810
d,3262,220,173060
d,3263,214,174240
d,3264,214,163720
d,3265,215,173270
d,3266,216,176710
d,3267,215,190740
d,3268,220,178020
d,3269,221,146930
d,3270,215,184500
d,3271,219,184380
d,3272,220,183060
d,3273,214,182850
d,3274,215,137440
d,3275,221,163820
d,3276,222,172790
d,3277,219,182550
d,3278,220,177850
d,3279,214,180090
d,3280,215,152870
d,3281,215,157320
d,3282,216,171550
d,3283,217,175490
d,3284,220,178600
d,3285,221,167110
d,3286,215,133250
d,3287,215,179640
d,3288,220,175680
d,3289,221,169640
d,3290,215,171580
d,3291,219,143290
d,3292,220,168440
d,3293,214,192880
d,3294,220,180980
d,3295,221,177980
d,3296,215,149980
d,3297,216,169960
d,3298,220,141680
d,3299,221,173180
d,3300,220,173530
d,3301,221,172670
d,3302,215,167360
d,3303,216,167690
d,3304,216,173810
d,3305,221,196520
d,3306,219,182850
d,3307,220,171010
d,3308,220,166750
d,3309,221,135780
d,3310,215,183980
d,3311,221,179130
d,3312,222,200020
d,3313,220,191400
d,3314,220,180540
d,3315,221,260330
d,3316,215,211770
d,3317,221,190600
d,3318,222,176660
d,3319,216,164230
d,3320,221,182870
d,3321,221,190340
d,3322,222,186870
d,3323,220,212400
d,3324,221,187880
d,3325,221,187360
d,3326,222,186850
d,3327,222,167430
d,3328,220,164430
d,3329,220,166950
d,3330,221,186770
d,3331,221,181690
d,3332,222,185510
d,3333,216,163680
d,3334,222,162940
d,3335,221,162390
d,3336,221,181800
d,3337,221,184800
d,3338,222,176170
d,3339,216,160720
d,3340,221,164010
d,3341,222,138530
d,3342,222,177770
d,3343,220,190020
d,3344,221,189210
d,3345,221,169470
d,3346,221,165410
d,3347,222,177680
d,3348,222,175410
d,3349,223,167490
d,3350,221,154650
d,3351,221,155760
d,3352,221,252230
d,3353,222,195570
d,3354,222,192730
d,3355,223,182830
d,3356,217,168100
d,3357,222,180740
d,3358,220,182270
d,3359,221,183090
d,3360,221,166580
d,3361,222,162890
d,3362,222,194450
d,3363,222,197300
d,3364,223,198310
d,3365,221,171710
d,3366,221,160600
d,3367,222,150560
d,3368,222,176290
d,3369,222,177040
d,3370,223,181660
d,3371,223,180900
d,3372,222,181730
d,3373,222,193090
d,3374,222,178220
d,3375,221,192660
d,3376,222,146780
d,3377,222,171560
d,3378,223,181750
d,3379,223,177370
d,3380,221,190850
d,3381,221,185210
d,3382,222,179980
d,3383,222,183860
d,3384,223,183190
d,3385,223,179940
d,3386,223,182030
d,3387,222,146020
d,3388,222,210720
d,3389,222,189500
d,3390,223,193080
d,3391,223,172320
d,3392,222,164200
d,3393,223,146530
d,3394,223,177210
d,3395,221,184120
d,3396,222,184130
d,3397,222,173180
d,3398,222,173980
d,3399,223,152990
d,3400,223,166150
d,3401,224,189340
d,3402,225,195500
d,3403,226,145680
d,3404,227,179310
d,3405,228,184520
d,3406,229,187470
d,3407,230,172080
d,3408,231,173740
d,3409,232,170150
d,3410,233,180540
d,3411,234,180490
d,3412,222,233360
d,3413,223,191830
d,3414,231,180800
d,3415,232,186580
d,3416,233,205910
d,3417,234,210940
d,3418,225,179820
d,3419,226,168140
d,3420,227,187660
d,3421,232,187110
d,3422,233,174800
d,3423,234,198770
d,3424,231,175970
d,3425,232,144350
d,3426,233,192590
d,3427,234,180590
d,3428,233,189740
d,3429,234,180820
d,3430,231,142410
d,3431,232,188830
d,3432,233,193100
d,3433,234,180590
d,3434,235,176460
d,3435,226,172910
d,3436,227,164280
d,3437,232,170580
d,3438,225,192920
d,3439,226,184130
d,3440,227,172030
d,3441,232,171790
d,3442,233,155660
d,3443,234,190030
d,3444,231,182430
d,3445,232,153150
d,3446,233,169450
d,3447,232,149630
d,3448,233,183620
d,3449,234,183570
d,3450,235,195160
d,3451,232,167600
d,3452,233,152730
d,3453,225,183340
d,3454,226,180070
d,3455,226,185230
d,3456,227,186350
d,3457,228,186630
d,3458,233,183320
d,3459,231,182690
d,3460,232,183670
d,3461,232,196570
d,3462,233,148800
d,3463,234,201250
d,3464,233,231740
d,3465,234,189720
d,3466,232,242540
d,3467,232,234900
d,3468,233,257930
d,3469,234,223300
d,3470,226,210030
d,3471,227,175300
d,3472,227,180520
d,3473,233,195980
d,3474,233,182490
d,3475,226,186420
d,3476,232,174450
d,3477,233,183080
d,3478,233,178200
d,3479,234,195490
d,3480,234,179270
d,3481,232,153570
d,3482,232,184580
d,3483,233,196840
d,3484,233,181420
d,3485,234,179040
d,3486,235,149190
d,3487,227,190050
d,3488,233,183880
d,3489,233,189110
d,3490,226,164240
d,3491,227,164370
d,3492,227,160640
d,3493,233,182300
d,3494,234,192340
d,3495,234,175230
d,3496,232,163580
d,3497,233,170600
d,3498,233,169690
d,3499,233,178480
d,3500,234,184650
d,3501,234,177750
d,3502,235,180700
d,3503,233,180990
d,3504,233,199580
d,3505,226,200800
d,3506,227,182230
d,3507,227,145750
d,3508,228,200680
d,3509,228,188910
d,3510,234,189800
d,3511,232,228980
d,3512,233,190050
d,3513,233,204530
d,3514,234,194170
d,3515,234,183570
d,3516,234,190450
d,3517,235,193120
d,3518,233,190160
d,3519,233,183480
d,3520,234,183470
d,3521,234,184320
d,3522,227,194580
d,3523,228,182570
d,3524,228,183080
d,3525,234,189440
d,3526,234,143240
d,3527,227,194780
d,3528,233,182190
d,3529,234,189180
d,3530,234,157870
d,3531,235,183710
d,3532,235,250550
d,3533,233,197940
d,3534,233,222990
d,3535,234,175770
d,3536,234,203730
d,3537,235,224060
d,3538,235,182420
d,3539,228,174180
d,3540,234,165820
d,3541,234,191640
d,3542,227,202850
d,3543,228,186240
d,3544,228,175850
d,3545,234,153910
d,3546,235,201270
d,3547,235,192670
d,3548,233,178490
d,3549,234,178170
d,3550,234,209200
d,3551,234,193560
d,3552,235,199830
d,3553,235,190130
d,3554,236,177200
d,3555,237,159050
d,3556,238,235590
d,3557,239,280540
d,3558,240,233370
d,3559,228,204580
d,3560,229,229030
d,3561,237,197060
d,3562,238,196100
d,3563,239,234670
d,3564,240,221450
d,3565,234,277610
d,3566,235,198510
d,3567,235,207160
d,3568,238,184600
d,3569,239,232740
d,3570,240,193120
d,3571,237,236210
d,3572,238,168300
d,3573,239,173340
d,3574,240,246080
d,3575,239,201880
d,3576,240,264780
d,3577,237,194470
d,3578,238,253390
d,3579,239,197540
d,3580,240,239360
d,3581,241,185450
d,3582,240,266940
d,3583,241,229050
d,3584,238,226490
d,3585,239,157350
d,3586,240,215730
d,3587,241,198530
d,3588,238,187840
d,3589,239,173580
d,3590,240,199920
d,3591,237,221850
d,3592,238,204300
d,3593,239,214990
d,3594,238,182100
d,3595,239,184860
d,3596,240,240390
d,3597,241,183950
d,3598,238,213650
d,3599,239,232340
d,3600,238,211240
d,3601,239,201400
d,3602,240,207980
d,3603,241,204460
d,3604,242,192960
d,3605,243,266610
d,3606,237,199660
d,3607,238,207570
d,3608,238,188420
d,3609,239,314030
d,3610,240,211840
d,3611,243,229220
d,3612,244,191950
d,3613,238,240900
d,3614,238,194860
d,3615,239,169970
d,3616,240,186740
d,3617,239,237820
d,3618,244,322400
d,3619,245,209020
d,3620,239,203340
d,3621,243,193400
d,3622,244,269930
d,3623,238,187650
d,3624,239,231800
d,3625,245,168480
d,3626,246,222890
d,3627,243,204990
d,3628,244,211600
d,3629,238,211330
d,3630,239,195860
d,3631,239,233930
d,3632,240,223010
d,3633,241,215720
d,3634,244,171100
d,3635,245,199410
d,3636,239,209980
d,3637,239,202230
d,3638,244,196200
d,3639,245,185250
d,3640,239,230300
d,3641,243,202470
d,3642,244,238930
d,3643,238,175270
d,3644,244,222630
d,3645,245,207270
d,3646,239,217730
d,3647,240,215720
d,3648,244,165990
d,3649,245,230970
d,3650,244,209530
d,3651,245,239770
d,3652,239,155370
d,3653,240,219320
d,3654,240,239340
d,3655,245,214260
d,3656,243,203260
d,3657,244,155410
d,3658,244,217840
d,3659,245,195660
d,3660,239,203410
d,3661,245,163890
d,3662,246,201890
d,3663,244,219410
d,3664,244,193330
d,3665,245,192720
d,3666,239,191160
d,3667,245,159090
d,3668,246,202910
d,3669,240,195300
d,3670,245,192710
d,3671,245,147260
d,3672,246,189970
d,3673,244,190570
d,3674,245,193460
d,3675,245,180230
d,3676,246,193610
d,3677,246,149950
d,3678,244,211390
d,3679,244,175050
d,3680,245,176880
d,3681,245,194690
d,3682,246,171890
d,3683,240,196400
d,3684,246,211550
d,3685,245,191450
d,3686,245,179510
d,3687,245,149280
d,3688,246,193100
d,3689,240,194900
d,3690,245,222910
d,3691,246,194710
d,3692,246,149390
d,3693,244,193280
d,3694,245,179430
d,3695,245,216480
d,3696,245,166420
d,3697,246,174260
d,3698,246,158770
d,3699,247,199700
d,3700,245,193380
d,3701,245,206320
d,3702,245,193840
d,3703,246,176230
d,3704,246,183090
d,3705,247,185310
d,3706,241,167420
d,3707,246,177420
d,3708,244,202080
d,3709,245,186580
d,3710,245,196420
d,3711,246,211520
d,3712,246,208320
d,3713,246,273950
d,3714,247,209360
d,3715,245,188050
d,3716,245,207050
d,3717,246,211810
d,3718,246,203840
d,3719,246,212270
d,3720,247,197480
d,3721,247,191100
d,3722,246,177170
d,3723,246,184010
d,3724,246,183040
d,3725,245,203310
d,3726,246,194620
d,3727,246,199050
d,3728,247,199690
d,3729,247,209630
d,3730,245,187040
d,3731,245,200670
d,3732,246,212250
d,3733,246,206640
d,3734,247,215940
d,3735,247,213140
d,3736,247,186470
d,3737,246,179150
d,3738,246,188900
d,3739,246,186020
d,3740,247,199450
d,3741,247,184300
d,3742,246,202350
d,3743,247,204960
d,3744,247,201950
d,3745,245,200480
d,3746,246,188530
d,3747,246,183330
d,3748,246,195500
d,3749,247,188640
d,3750,247,221980
d,3751,248,201170
d,3752,249,201740
d,3753,250,221370
d,3754,251,194120
d,3755,252,194800
d,3756,253,178400
d,3757,254,183420
d,3758,255,211950
d,3759,256,195580
d,3760,257,177960
d,3761,258,176970
d,3762,246,204290
d,3763,247,215500
d,3764,255,199840
d,3765,256,201270
d,3766,257,183760
d,3767,258,208570
d,3768,249,201600
d,3769,250,202770
d,3770,251,180180
d,3771,256,186260
d,3772,257,188380
d,3773,258,202040
d,3774,255,202560
d,3775,256,188440
d,3776,257,167890
d,3777,258,219200
d,3778,257,207750
d,3779,258,202840
d,3780,255,190760
d,3781,256,224350
d,3782,257,210250
d,3783,258,217530
d,3784,259,166020
d,3785,250,197270
d,3786,251,202800
d,3787,256,192740
d,3788,249,183350
d,3789,250,198250
d,3790,251,207460
d,3791,256,194640
d,3792,257,208540
d,3793,258,191780
d,3794,255,169460
d,3795,256,196790
d,3796,257,169660
d,3797,256,194570
d,3798,257,208780
d,3799,258,239380
d,3800,259,252110
d,3801,256,216730
d,3802,257,214190
d,3803,249,165590
d,3804,250,206370
d,3805,250,215350
d,3806,251,233950
d,3807,252,187350
d,3808,257,180420
d,3809,255,196730
d,3810,256,233210
d,3811,256,206990
d,3812,257,195210
d,3813,258,199530
d,3814,257,204010
d,3815,258,204450
d,3816,256,192920
d,3817,256,196410
d,3818,257,174940
d,3819,258,220960
d,3820,250,220490
d,3821,251,208890
d,3822,251,201030
d,3823,257,209230
d,3824,257,199490
d,3825,250,226380
d,3826,256,193020
d,3827,257,217130
d,3828,257,214730
d,3829,258,210850
d,3830,258,191360
d,3831,256,174600
d,3832,256,190870
d,3833,257,197780
d,3834,257,215280
d,3835,258,189100
d,3836,259,229310
d,3837,251,259660
d,3838,257,215540
d,3839,257,195480
d,3840,250,184290
d,3841,251,183180
d,3842,251,226400
d,3843,257,211480
d,3844,258,186670
d,3845,258,190190
d,3846,256,220760
d,3847,257,220590
d,3848,257,195960
d,3849,257,195100
d,3850,258,191550
d,3851,258,223810
d,3852,259,202170
d,3853,257,210220
d,3854,257,175680
d,3855,250,198020
d,3856,251,226200
d,3857,251,225030
d,3858,252,205940
d,3859,252,200940
d,3860,258,185820
d,3861,256,211580
d,3862,257,207350
d,3863,257,185780
d,3864,258,184720
d,3865,258,219570
d,3866,258,201550
d,3867,259,211150
d,3868,257,199840
d,3869,257,213220
d,3870,258,226780
d,3871,258,189160
d,3872,251,200870
d,3873,252,186900
d,3874,252,184380
d,3875,258,202240
d,3876,258,182680
d,3877,251,184030
d,3878,257,189480
d,3879,258,224360
d,3880,258,208760
d,3881,259,180470
d,3882,259,181310
d,3883,257,208740
d,3884,257,209330
d,3885,258,207930
d,3886,258,201730
d,3887,259,180760
d,3888,259,207730
d,3889,252,209670
d,3890,258,203400
d,3891,258,199960
d,3892,251,187510
d,3893,252,204810
d,3894,252,216020
d,3895,258,193540
d,3896,259,234710
d,3897,259,216390
d,3898,257,208160
d,3899,258,212020
d,3900,258,185150
d,3901,258,211620
d,3902,259,189590
d,3903,259,215730
d,3904,260,196640
d,3905,261,184900
d,3906,262,197220
d,3907,263,212020
d,3908,264,234530
d,3909,252,182920
d,3910,253,219870
d,3911,261,206100
d,3912,262,212420
d,3913,263,213450
d,3914,264,198490
d,3915,258,216060
d,3916,259,212040
d,3917,259,273170
d,3918,262,233500
d,3919,263,207640
d,3920,264,195150
d,3921,261,214420
d,3922,262,222020
d,3923,263,203820
d,3924,264,177030
d,3925,263,191010
d,3926,264,213260
d,3927,261,208140
d,3928,262,222820
d,3929,263,222720
d,3930,264,212320
d,3931,265,231580
d,3932,264,187160
d,3933,265,206520
d,3934,262,204590
d,3935,263,214670
d,3936,264,238200
d,3937,265,204790
d,3938,262,202850
d,3939,263,205910
d,3940,264,210860
d,3941,261,187310
d,3942,262,191560
d,3943,263,200010
d,3944,262,208680
d,3945,263,193500
d,3946,264,210270
d,3947,265,204740
d,3948,262,212410
d,3949,263,209070
d,3950,262,204050
d,3951,263,189540
d,3952,264,199450
d,3953,265,222070
d,3954,266,217360
d,3955,267,209840
d,3956,261,187650
d,3957,262,212990
d,3958,262,231010
d,3959,263,214870
d,3960,264,209930
d,3961,267,223220
d,3962,268,214980
d,3963,262,232950
d,3964,262,210400
d,3965,263,211450
d,3966,264,207580
d,3967,263,222890
d,3968,268,217430
d,3969,269,217690
d,3970,263,211140
d,3971,267,225150
d,3972,268,213170
d,3973,262,188970
d,3974,263,191170
d,3975,269,202420
d,3976,270,215210
d,3977,267,194830
d,3978,268,190530
d,3979,262,236050
d,3980,263,214840
d,3981,263,185970
d,3982,264,195060
d,3983,265,165360
d,3984,268,212280
d,3985,269,223350
d,3986,263,214240
d,3987,263,196970
d,3988,268,209340
d,3989,269,213420
d,3990,263,222290
d,3991,267,199160
d,3992,268,181050
d,3993,262,252490
d,3994,268,248680
d,3995,269,213540
d,3996,263,200780
d,3997,264,189860
d,3998,268,194670
d,3999,269,202290
d,4000,268,202840
d,4001,269,209160
d,4002,263,220580
d,4003,264,210300
d,4004,264,210010
d,4005,269,190030
d,4006,267,169960
d,4007,268,218410
d,4008,268,222630
d,4009,269,210950
d,4010,263,240070
d,4011,269,241710
d,4012,270,240330
d,4013,268,213250
d,4014,268,232350
d,4015,269,221340
d,4016,263,214900
d,4017,269,188470
d,4018,270,253190
d,4019,264,238770
d,4020,269,220990
d,4021,269,200190
d,4022,270,218280
d,4023,268,209170
d,4024,269,213940
d,4025,269,195270
d,4026,270,177360
d,4027,270,205570
d,4028,268,215320
d,4029,268,190810
d,4030,269,212560
d,4031,269,193980
d,4032,270,226270
d,4033,264,211870
d,4034,270,192900
d,4035,269,193260
d,4036,269,226520
d,4037,269,212530
d,4038,270,255140
d,4039,264,184310
d,4040,269,222710
d,4041,270,224470
d,4042,270,198530
d,4043,268,212590
d,4044,269,179510
d,4045,269,217050
d,4046,269,224880
d,4047,270,222730
d,4048,270,182460
d,4049,271,207820
d,4050,269,210610
d,4051,269,204720
d,4052,269,188590
d,4053,270,201990
d,4054,270,214460
d,4055,271,219900
d,4056,265,226710
d,4057,270,176550
d,4058,268,227390
d,4059,269,220100
d,4060,269,205390
d,4061,270,186420
d,4062,270,193390
d,4063,270,215770
d,4064,271,229970
d,4065,269,224070
d,4066,269,174600
d,4067,270,244820
d,4068,270,233060
d,4069,270,204210
d,4070,271,211880
d,4071,271,212870
d,4072,270,233040
d,4073,270,218920
d,4074,270,213380
d,4075,269,262770
d,4076,270,256210
d,4077,270,234500
d,4078,271,204790
d,4079,271,202500
d,4080,269,228700
d,4081,269,221050
d,4082,270,224000
d,4083,270,216930
d,4084,271,219330
d,4085,271,239890
d,4086,271,240360
d,4087,270,182040
d,4088,270,219340
d,4089,270,245520
d,4090,271,233570
d,4091,271,243340
d,4092,270,200670
d,4093,271,265000
d,4094,271,263270
d,4095,269,209080
d,4096,270,230750
d,4097,270,252730
d,4098,270,226120
d,4099,271,224410
d,4100,271,199590
d,4101,272,260230
d,4102,273,268670
d,4103,274,225560
d,4104,275,238000
d,4105,276,303520
d,4106,277,189220
d,4107,278,197680
d,4108,279,239260
d,4109,280,264480
d,4110,281,254270
d,4111,282,283280
d,4112,270,254240
d,4113,271,262480
d,4114,279,240520
d,4115,280,280420
d,4116,281,242150
d,4117,282,251840
d,4118,273,266740
d,4119,274,286020
d,4120,275,254780
d,4121,280,248710
d,4122,281,232260
d,4123,282,206170
d,4124,279,208830
d,4125,280,246480
d,4126,281,225600
d,4127,282,229590
d,4128,281,224660
d,4129,282,190630
d,4130,279,246560
d,4131,280,230310
d,4132,281,215180
d,4133,282,236980
d,4134,283,231400
d,4135,274,228940
d,4136,275,218310
d,4137,280,230240
d,4138,273,229720
d,4139,274,227450
d,4140,275,210850
d,4141,280,186190
d,4142,281,243930
d,4143,282,225580
d,4144,279,190920
d,4145,280,203970
d,4146,281,212050
d,4147,280,236660
d,4148,281,209980
d,4149,282,227560
d,4150,283,244400
d,4151,280,220300
d,4152,281,193060
d,4153,273,201100
d,4154,274,235340
d,4155,274,228840
d,4156,275,213600
d,4157,276,209410
d,4158,281,213830
d,4159,279,233830
d,4160,280,226820
d,4161,280,209270
d,4162,281,236900
d,4163,282,279910
d,4164,281,224110
d,4165,282,198810
d,4166,280,246900
d,4167,280,272910
d,4168,281,260950
d,4169,282,263710
d,4170,274,261310
d,4171,275,216340
d,4172,275,216350
d,4173,281,225480
d,4174,281,241190
d,4175,274,234390
d,4176,280,233830
d,4177,281,203590
d,4178,281,260840
d,4179,282,237230
d,4180,282,210590
d,4181,280,204670
d,4182,280,266900
d,4183,281,246140
d,4184,281,226700
d,4185,282,204020
d,4186,283,243510
d,4187,275,239440
d,4188,281,260210
d,4189,281,250720
d,4190,274,249840
d,4191,275,265810
d,4192,275,243300
d,4193,281,218250
d,4194,282,231000
d,4195,282,261300
d,4196,280,211240
d,4197,281,201400
d,4198,281,212070
d,4199,281,227300
d,4200,282,196810
d,4201,282,254640
d,4202,283,238970
d,4203,281,237860
d,4204,281,219670
d,4205,274,363730
d,4206,275,507710
d,4207,275,349990
d,4208,276,393130
d,4209,276,344960
d,4210,282,304530
d,4211,280,337460
d,4212,281,310470
d,4213,281,314560
d,4214,282,280980
d,4215,282,350670
d,4216,282,367110
d,4217,283,282630
d,4218,281,249270
d,4219,281,273860
d,4220,282,217600
d,4221,282,258120
d,4222,275,250910
d,4223,276,260580
d,4224,276,267570
d,4225,282,281850
d,4226,282,342450
d,4227,275,283470
d,4228,281,384880
d,4229,282,398300
d,4230,282,228160
d,4231,283,258020
d,4232,283,267750
d,4233,281,266110
d,4234,281,246340
d,4235,282,263320
d,4236,282,264240
d,4237,283,246880
d,4238,283,224410
d,4239,276,311110
d,4240,282,240750
d,4241,282,201070
d,4242,275,207760
d,4243,276,274960
d,4244,276,241750
d,4245,282,195470
d,4246,283,212880
d,4247,283,224430
d,4248,281,274110
d,4249,282,210540
d,4250,282,210990
d,4251,282,231960
d,4252,283,252320
d,4253,283,199380
d,4254,284,220150
d,4255,285,232630
d,4256,286,247330
d,4257,287,234070
d,4258,288,197810
d,4259,276,242660
d,4260,277,244950
d,4261,285,248070
d,4262,286,207160
d,4263,287,240740
d,4264,288,233060
d,4265,282,245450
d,4266,283,242190
d,4267,283,230230
d,4268,286,258250
d,4269,287,231650
d,4270,288,376050
d,4271,285,276190
d,4272,286,296130
d,4273,287,207990
d,4274,288,487040
d,4275,287,456920
d,4276,288,569280
d,4277,285,361470
d,4278,286,356800
d,4279,287,386710
d,4280,288,492370
d,4281,289,389960
d,4282,288,415890
d,4283,289,360820
d,4284,286,231080
d,4285,287,348140
d,4286,288,323960
d,4287,289,286290
d,4288,286,272880
d,4289,287,272750
d,4290,288,223040
d,4291,285,214480
d,4292,286,205110
d,4293,287,284870
d,4294,286,277150
d,4295,287,239360
d,4296,288,263630
d,4297,289,284780
d,4298,286,232970
d,4299,287,213300
d,4300,286,245690
d,4301,287,248410
d,4302,288,249260
d,4303,289,232480
d,4304,290,245720
d,4305,291,238940
d,4306,285,224490
d,4307,286,215670
d,4308,286,243030
d,4309,287,299870
d,4310,288,257020
d,4311,291,351630
d,4312,292,390210
d,4313,286,309640
d,4314,286,260460
d,4315,287,318020
d,4316,288,350770
d,4317,287,241520
d,4318,292,275800
d,4319,293,240490
d,4320,287,257070
d,4321,291,252920
d,4322,292,215550
d,4323,286,230410
d,4324,287,245090
d,4325,293,278960
d,4326,294,219790
d,4327,291,222900
d,4328,292,246110
d,4329,286,240570
d,4330,287,218660
d,4331,287,227650
d,4332,288,281220
d,4333,289,228540
d,4334,292,206320
d,4335,293,207650
d,4336,287,238560
d,4337,287,246930
d,4338,292,248150
d,4339,293,197780
d,4340,287,233240
d,4341,291,261990
d,4342,292,206860
d,4343,286,212080
d,4344,292,224410
d,4345,293,273650
d,4346,287,225460
d,4347,288,208860
d,4348,292,215720
d,4349,293,247620
d,4350,292,257270
d,4351,293,230480
d,4352,287,230640
d,4353,288,245760
d,4354,288,224460
d,4355,293,243760
d,4356,291,233690
d,4357,292,235750
d,4358,292,210560
d,4359,293,211360
d,4360,287,237320
d,4361,293,259110
d,4362,294,238460
d,4363,292,206660
d,4364,292,244480
d,4365,293,257430
d,4366,287,233290
d,4367,293,208700
d,4368,294,243570
d,4369,288,258180
d,4370,293,202970
d,4371,293,221800
d,4372,294,237380
d,4373,292,235190
d,4374,293,215850
d,4375,293,187840
d,4376,294,243530
d,4377,294,250140
d,4378,292,214510
d,4379,292,231410
d,4380,293,223670
d,4381,293,253850
d,4382,294,232940
d,4383,288,213170
d,4384,294,217300
d,4385,293,222830
d,4386,293,251720
d,4387,293,204830
d,4388,294,228970
d,4389,288,207990
d,4390,293,241400
d,4391,294,214290
d,4392,294,221410
d,4393,292,236490
d,4394,293,230700
d,4395,293,247870
d,4396,293,209850
d,4397,294,232250
d,4398,294,228600
d,4399,295,245140
d,4400,293,223480
d,4401,293,230590
d,4402,293,243380
d,4403,294,207850
d,4404,294,222030
d,4405,295,205850
d,4406,289,248570
d,4407,294,235640
d,4408,292,232910
d,4409,293,253320
d,4410,293,233160
d,4411,294,219160
d,4412,294,252840
d,4413,294,298670
d,4414,295,244670
d,4415,293,236800
d,4416,293,291890
d,4417,294,232240
d,4418,294,233240
d,4419,294,249750
d,4420,295,226750
d,4421,295,209800
d,4422,294,224700
d,4423,294,248310
d,4424,294,242680
d,4425,293,221070
d,4426,294,234920
d,4427,294,244770
d,4428,295,245600
d,4429,295,203220
d,4430,293,194590
d,4431,293,228920
d,4432,294,241070
d,4433,294,233550
d,4434,295,228770
d,4435,295,246450
d,4436,295,242160
d,4437,294,190990
d,4438,294,318930
d,4439,294,316750
d,4440,295,230090
d,4441,295,207230
d,4442,294,226910
d,4443,295,249840
d,4444,295,229840
d,4445,293,211650
d,4446,294,221170
d,4447,294,254790
d,4448,294,241640
d,4449,295,216600
d,4450,295,216450
d,4451,296,246370
d,4452,297,231520
d,4453,298,215770
d,4454,299,235470
d,4455,300,237150
d,4456,301,236640
d,4457,302,213830
d,4458,303,264930
d,4459,304,245240
d,4460,305,232830
d,4461,306,243370
d,4462,294,220110
d,4463,295,225740
d,4464,303,241330
d,4465,304,227740
d,4466,305,199660
d,4467,306,240540
d,4468,297,241690
d,4469,298,201890
d,4470,299,234490
d,4471,304,235250
d,4472,305,240060
d,4473,306,228500
d,4474,303,220150
d,4475,304,243870
d,4476,305,232990
d,4477,306,230290
d,4478,305,261250
d,4479,306,233870
d,4480,303,248170
d,4481,304,296490
d,4482,305,293310
d,4483,306,242670
d,4484,307,231430
d,4485,298,209030
d,4486,299,280120
d,4487,304,248610
d,4488,297,255580
d,4489,298,442090
d,4490,299,415470
d,4491,304,1629020
d,4492,305,1257940
d,4493,306,841580
d,4494,303,973690
d,4495,304,1479740
d,4496,305,827610
d,4497,304,713530
d,4498,305,740400
d,4499,306,1632750
d,4500,307,503430
d,4501,304,557640
d,4502,305,528990
d,4503,297,572050
d,4504,298,390870
d,4505,298,279210
d,4506,299,901160
d,4507,300,695750
d,4508,305,374660
d,4509,303,518120
d,4510,304,446950
d,4511,304,412240
d,4512,305,470050
d,4513,306,305570
d,4514,305,294580
d,4515,306,256060
d,4516,304,286350
d,4517,304,323330
d,4518,305,230130
d,4519,306,473550
d,4520,298,434470
d,4521,299,290770
d,4522,299,357940
d,4523,305,246910
d,4524,305,301380
d,4525,298,258420
d,4526,304,298890
d,4527,305,244350
d,4528,305,352780
d,4529,306,287850
d,4530,306,260540
d,4531,304,287740
d,4532,304,345540
d,4533,305,290230
d,4534,305,484980
d,4535,306,328240
d,4536,307,293650
d,4537,299,240690
d,4538,305,312110
d,4539,305,737920
d,4540,298,473230
d,4541,299,1188030
d,4542,299,1028710
d,4543,305,579160
d,4544,306,753390
d,4545,306,558040
d,4546,304,340060
d,4547,305,545350
d,4548,305,469260
d,4549,305,1003040
d,4550,306,249030
d,4551,306,651210
d,4552,307,394240
d,4553,305,495780
d,4554,305,363820
d,4555,298,1298380
d,4556,299,412660
d,4557,299,299180
d,4558,300,304820
d,4559,300,286690
d,4560,306,346690
d,4561,304,276990
d,4562,305,283530
d,4563,305,329120
d,4564,306,354630
d,4565,306,261930
d,4566,306,241710
d,4567,307,295880
d,4568,305,282590
d,4569,305,326670
d,4570,306,348280
d,4571,306,305700
d,4572,299,300470
d,4573,300,301300
d,4574,300,353710
d,4575,306,399660
d,4576,306,467210
d,4577,299,376910
d,4578,305,267430
d,4579,306,262900
d,4580,306,252620
d,4581,307,242740
d,4582,307,275390
d,4583,305,318790
d,4584,305,408130
d,4585,306,259980
d,4586,306,344980
d,4587,307,326530
d,4588,307,261740
d,4589,300,276560
d,4590,306,344080
d,4591,306,288000
d,4592,299,287260
d,4593,300,379910
d,4594,300,262060
d,4595,306,214860
d,4596,307,314580
d,4597,307,270810
d,4598,305,235780
d,4599,306,262770
d,4600,306,262620
d,4601,306,265830
d,4602,307,239670
d,4603,307,240930
d,4604,308,267450
d,4605,309,258410
d,4606,310,262460
d,4607,311,241960
d,4608,312,256610
d,4609,300,320580
d,4610,301,269200
d,4611,309,311220
d,4612,310,292370
d,4613,311,273470
d,4614,312,344220
d,4615,306,263640
d,4616,307,464090
d,4617,307,446330
d,4618,310,302560
d,4619,311,347590
d,4620,312,311720
d,4621,309,278330
d,4622,310,271640
d,4623,311,236580
d,4624,312,216180
d,4625,311,218100
d,4626,312,246680
d,4627,309,238720
d,4628,310,220140
d,4629,311,228320
d,4630,312,245080
d,4631,313,255770
d,4632,312,232960
d,4633,313,235830
d,4634,310,271210
d,4635,311,251150
d,4636,312,225420
d,4637,313,209320
d,4638,310,248970
d,4639,311,240740
d,4640,312,247570
d,4641,309,269940
d,4642,310,243280
d,4643,311,235570
d,4644,310,225840
d,4645,311,268620
d,4646,312,244530
d,4647,313,278670
d,4648,310,283530
d,4649,311,342610
d,4650,310,269830
d,4651,311,253750
d,4652,312,255870
d,4653,313,252440
d,4654,314,227190
d,4655,315,247520
d,4656,309,260700
d,4657,310,244220
d,4658,310,211990
d,4659,311,227130
d,4660,312,333850
d,4661,315,269410
d,4662,316,259510
d,4663,310,348700
d,4664,310,309510
d,4665,311,263970
d,4666,312,239590
d,4667,311,224650
d,4668,316,251610
d,4669,317,263910
d,4670,311,332610
d,4671,315,292700
d,4672,316,243000
d,4673,310,254780
d,4674,311,287600
d,4675,317,288460
d,4676,318,280930
d,4677,315,310580
d,4678,316,295530
d,4679,310,270550
d,4680,311,348780
d,4681,311,333580
d,4682,312,370650
d,4683,313,335770
d,4684,316,313040
d,4685,317,271200
d,4686,311,286750
d,4687,311,260730
d,4688,316,259220
d,4689,317,328240
d,4690,311,325880
d,4691,315,238550
d,4692,316,334280
d,4693,310,262300
d,4694,316,298530
d,4695,317,248450
d,4696,311,254190
d,4697,312,225640
d,4698,316,379780
d,4699,317,318410
d,4700,316,240800
d,4701,317,301370
d,4702,311,361810
d,4703,312,287080
d,4704,312,278150
d,4705,317,383620
d,4706,315,253770
d,4707,316,263930
d,4708,316,294050
d,4709,317,378470
d,4710,311,293350
d,4711,317,283000
d,4712,318,240640
d,4713,316,270770
d,4714,316,266470
d,4715,317,253440
d,4716,311,234080
d,4717,317,238450
d,4718,318,227620
d,4719,312,226690
d,4720,317,251520
d,4721,317,237310
d,4722,318,248450
d,4723,316,248010
d,4724,317,259660
d,4725,317,313070
d,4726,318,266160
d,4727,318,259570
d,4728,316,237340
d,4729,316,249200
d,4730,317,276600
d,4731,317,267540
d,4732,318,239010
d,4733,312,225710
d,4734,318,248410
d,4735,317,249420
d,4736,317,229000
d,4737,317,237110
d,4738,318,260280
d,4739,312,271540
d,4740,317,225580
d,4741,318,263790
d,4742,318,274440
d,4743,316,247650
d,4744,317,244940
d,4745,317,254250
d,4746,317,264000
d,4747,318,265600
d,4748,318,247640
d,4749,319,271870
d,4750,317,267750
d,4751,317,226660
d,4752,317,268570
d,4753,318,250810
d,4754,318,262890
d,4755,319,224600
d,4756,313,258620
d,4757,318,277780
d,4758,316,252350
d,4759,317,236470
d,4760,317,276770
d,4761,318,258240
d,4762,318,233090
d,4763,318,267190
d,4764,319,237310
d,4765,317,249750
d,4766,317,228790
d,4767,318,265010
d,4768,318,250100
d,4769,318,251380
d,4770,319,252980
d,4771,319,250880
d,4772,318,277470
d,4773,318,228880
d,4774,318,290830
d,4775,317,252870
d,4776,318,276280
d,4777,318,231680
d,4778,319,372730
d,4779,319,302260
d,4780,317,232790
d,4781,317,263850
d,4782,318,268770
d,4783,318,257980
d,4784,319,232290
d,4785,319,266620
d,4786,319,254860
d,4787,318,268440
d,4788,318,241020
d,4789,318,278580
d,4790,319,269290
d,4791,319,240010
d,4792,318,480540
d,4793,319,371740
d,4794,319,350510
d,4795,317,381590
d,4796,318,372260
d,4797,318,308240
d,4798,318,245770
d,4799,319,273930
d,4800,319,238690
d,4801,320,257820
d,4802,321,261820
d,4803,322,239320
d,4804,323,226720
d,4805,324,273870
d,4806,325,254770
d,4807,326,244330
d,4808,327,320620
d,4809,328,278660
d,4810,329,338420
d,4811,330,285110
d,4812,318,299750
d,4813,319,265980
d,4814,327,293620
d,4815,328,240810
d,4816,329,266310
d,4817,330,252380
d,4818,321,241080
d,4819,322,279540
d,4820,323,268400
d,4821,328,262830
d,4822,329,237510
d,4823,330,252530
d,4824,327,253320
d,4825,328,289190
d,4826,329,266760
d,4827,330,267860
d,4828,329,264010
d,4829,330,247800
d,4830,327,275480
d,4831,328,252370
d,4832,329,252890
d,4833,330,230720
d,4834,331,269250
d,4835,322,258950
d,4836,323,238490
d,4837,328,272810
d,4838,321,253010
d,4839,322,248700
d,4840,323,236080
d,4841,328,269510
d,4842,329,250460
d,4843,330,272370
d,4844,327,277650
d,4845,328,307870
d,4846,329,258730
d,4847,328,250540
d,4848,329,249960
d,4849,330,262930
d,4850,331,250740
d,4851,328,241860
d,4852,329,261530
d,4853,321,254060
d,4854,322,274660
d,4855,322,253820
d,4856,323,263790
d,4857,324,276170
d,4858,329,263290
d,4859,327,259690
d,4860,328,267060
d,4861,328,266490
d,4862,329,270040
d,4863,330,276920
d,4864,329,264690
d,4865,330,247130
d,4866,328,263840
d,4867,328,280740
d,4868,329,242810
d,4869,330,244610
d,4870,322,250710
d,4871,323,280910
d,4872,323,256300
d,4873,329,254980
d,4874,329,260690
d,4875,322,272060
d,4876,328,250660
d,4877,329,248050
d,4878,329,282540
d,4879,330,278100
d,4880,330,259750
d,4881,328,297450
d,4882,328,264140
d,4883,329,253940
d,4884,329,256400
d,4885,330,265400
d,4886,331,258220
d,4887,323,260240
d,4888,329,270370
d,4889,329,259980
d,4890,322,265210
d,4891,323,275270
d,4892,323,268240
d,4893,329,266210
d,4894,330,269060
d,4895,330,267080
d,4896,328,275030
d,4897,329,244810
d,4898,329,266980
d,4899,329,262170
d,4900,330,274340
d,4901,330,238320
d,4902,331,263550
d,4903,329,275580
d,4904,329,246530
d,4905,322,242250
d,4906,323,290570
d,4907,323,317560
d,4908,324,295520
d,4909,324,277680
d,4910,330,318710
d,4911,328,278920
d,4912,329,272130
d,4913,329,294950
d,4914,330,298080
d,4915,330,267250
d,4916,330,292140
d,4917,331,269730
d,4918,329,255110
d,4919,329,264020
d,4920,330,276080
d,4921,330,256990
d,4922,323,252290
d,4923,324,273780
d,4924,324,277320
d,4925,330,271520
d,4926,330,267780
d,4927,323,270360
d,4928,329,279580
d,4929,330,267960
d,4930,330,269970
d,4931,331,299130
d,4932,331,256440
d,4933,329,247810
d,4934,329,288840
d,4935,330,288870
d,4936,330,260040
d,4937,331,287910
d,4938,331,268300
d,4939,324,267420
d,4940,330,264840
d,4941,330,311140
d,4942,323,263170
d,4943,324,254560
d,4944,324,263030
d,4945,330,280740
d,4946,331,259410
d,4947,331,265620
d,4948,329,277640
d,4949,330,276460
d,4950,330,260770
d,4951,330,303580
d,4952,331,352500
d,4953,331,439300
d,4954,332,441410
d,4955,333,273580
d,4956,334,263090
d,4957,335,313900
d,4958,336,276730
d,4959,324,279180
d,4960,325,276120
d,4961,333,265550
d,4962,334,281760
d,4963,335,292510
d,4964,336,277940
d,4965,330,272150
d,4966,331,282910
d,4967,331,312240
d,4968,334,270810
d,4969,335,287970
d,4970,336,282790
d,4971,333,279290
d,4972,334,275200
d,4973,335,304940
d,4974,336,286160
d,4975,335,289260
d,4976,336,283730
d,4977,333,280540
d,4978,334,270040
d,4979,335,300700
d,4980,336,290410
d,4981,337,264910
d,4982,336,289640
d,4983,337,292120
d,4984,334,271390
d,4985,335,270190
d,4986,336,272470
d,4987,337,307280
d,4988,334,277830
d,4989,335,302220
d,4990,336,306900
d,4991,333,321010
d,4992,334,309820
d,4993,335,302150
d,4994,334,279080
d,4995,335,298470
d,4996,336,297790
d,4997,337,281960
d,4998,334,280720
d,4999,335,301420
d,5000,334,293920
